when,plate,k,n_frames,obs,kind,i,j,dL_meas_nH,dL_model_nH,diff_nH,sigma_nH,note
2026-09-14 12:59:10,A0,0,100,0,self,0,0,-0.00772,0.00000,-0.00772,0.02301,
2026-09-14 12:59:10,A0,0,100,1,self,1,1,0.00381,0.00000,0.00381,0.02518,
2026-09-14 12:59:10,A0,0,100,2,self,2,2,-0.00019,0.00000,-0.00019,0.02214,
2026-09-14 12:59:10,A0,0,100,3,self,3,3,-0.00305,0.00000,-0.00305,0.02266,
2026-09-14 12:59:10,A0,0,100,4,self,4,4,0.00163,0.00000,0.00163,0.02613,
2026-09-14 12:59:10,A0,0,100,5,self,5,5,0.00374,0.00000,0.00374,0.02116,
2026-09-14 12:59:10,A0,0,100,6,self,6,6,-0.00337,0.00000,-0.00337,0.02326,
2026-09-14 12:59:10,A0,0,100,7,self,7,7,-0.00398,0.00000,-0.00398,0.02388,
2026-09-14 12:59:10,A0,0,100,8,self,8,8,-0.00094,0.00000,-0.00094,0.02146,
2026-09-14 12:59:10,A0,0,100,9,self,9,9,-0.00460,0.00000,-0.00460,0.02466,
2026-09-14 12:59:10,A0,0,100,10,self,10,10,0.00303,0.00000,0.00303,0.02445,
2026-09-14 12:59:10,A0,0,100,11,self,11,11,0.00324,0.00000,0.00324,0.02358,
2026-09-14 12:59:10,A0,0,100,12,self,12,12,0.00280,0.00000,0.00280,0.02402,
2026-09-14 12:59:10,A0,0,100,13,self,13,13,0.00224,0.00000,0.00224,0.02667,
2026-09-14 12:59:10,A0,0,100,14,self,14,14,0.00246,0.00000,0.00246,0.02294,
2026-09-14 12:59:10,A0,0,100,15,self,15,15,0.00453,0.00000,0.00453,0.02233,
2026-09-14 12:59:10,A0,0,100,16,self,16,16,-0.00312,0.00000,-0.00312,0.02497,
2026-09-14 12:59:10,A0,0,100,17,self,17,17,0.00541,0.00000,0.00541,0.02296,
2026-09-14 12:59:10,A0,0,100,18,self,18,18,0.00198,0.00000,0.00198,0.02624,
2026-09-14 12:59:10,A0,0,100,19,edge,0,1,-0.00008,0.00000,-0.00008,0.00038,
2026-09-14 12:59:10,A0,0,100,20,edge,0,3,-0.00007,0.00000,-0.00007,0.00037,
2026-09-14 12:59:10,A0,0,100,21,edge,0,4,-0.00002,0.00000,-0.00002,0.00052,
2026-09-14 12:59:10,A0,0,100,22,edge,1,2,0.00012,0.00000,0.00012,0.00041,
2026-09-14 12:59:10,A0,0,100,23,edge,1,4,0.00005,0.00000,0.00005,0.00038,
2026-09-14 12:59:10,A0,0,100,24,edge,1,5,0.00004,0.00000,0.00004,0.00037,
2026-09-14 12:59:10,A0,0,100,25,edge,2,5,0.00011,0.00000,0.00011,0.00052,
2026-09-14 12:59:10,A0,0,100,26,edge,2,6,0.00003,0.00000,0.00003,0.00044,
2026-09-14 12:59:10,A0,0,100,27,edge,3,4,0.00001,0.00000,0.00001,0.00035,
2026-09-14 12:59:10,A0,0,100,28,edge,3,7,-0.00000,0.00000,-0.00000,0.00042,
2026-09-14 12:59:10,A0,0,100,29,edge,3,8,-0.00003,0.00000,-0.00003,0.00037,
2026-09-14 12:59:10,A0,0,100,30,edge,4,5,0.00003,0.00000,0.00003,0.00044,
2026-09-14 12:59:10,A0,0,100,31,edge,4,8,-0.00001,0.00000,-0.00001,0.00042,
2026-09-14 12:59:10,A0,0,100,32,edge,4,9,0.00001,0.00000,0.00001,0.00040,
2026-09-14 12:59:10,A0,0,100,33,edge,5,6,0.00007,0.00000,0.00007,0.00040,
2026-09-14 12:59:10,A0,0,100,34,edge,5,9,0.00003,0.00000,0.00003,0.00043,
2026-09-14 12:59:10,A0,0,100,35,edge,5,10,0.00002,0.00000,0.00002,0.00047,
2026-09-14 12:59:10,A0,0,100,36,edge,6,10,-0.00004,0.00000,-0.00004,0.00039,
2026-09-14 12:59:10,A0,0,100,37,edge,6,11,0.00006,0.00000,0.00006,0.00039,
2026-09-14 12:59:10,A0,0,100,38,edge,7,8,-0.00003,0.00000,-0.00003,0.00043,
2026-09-14 12:59:10,A0,0,100,39,edge,7,12,-0.00001,0.00000,-0.00001,0.00036,
2026-09-14 12:59:10,A0,0,100,40,edge,8,9,0.00001,0.00000,0.00001,0.00037,
2026-09-14 12:59:10,A0,0,100,41,edge,8,12,-0.00006,0.00000,-0.00006,0.00042,
2026-09-14 12:59:10,A0,0,100,42,edge,8,13,0.00003,0.00000,0.00003,0.00044,
2026-09-14 12:59:10,A0,0,100,43,edge,9,10,0.00002,0.00000,0.00002,0.00037,
2026-09-14 12:59:10,A0,0,100,44,edge,9,13,0.00005,0.00000,0.00005,0.00034,
2026-09-14 12:59:10,A0,0,100,45,edge,9,14,0.00007,0.00000,0.00007,0.00039,
2026-09-14 12:59:10,A0,0,100,46,edge,10,11,-0.00001,0.00000,-0.00001,0.00050,
2026-09-14 12:59:10,A0,0,100,47,edge,10,14,-0.00003,0.00000,-0.00003,0.00046,
2026-09-14 12:59:10,A0,0,100,48,edge,10,15,-0.00001,0.00000,-0.00001,0.00041,
2026-09-14 12:59:10,A0,0,100,49,edge,11,15,-0.00005,0.00000,-0.00005,0.00042,
2026-09-14 12:59:10,A0,0,100,50,edge,12,13,0.00003,0.00000,0.00003,0.00038,
2026-09-14 12:59:10,A0,0,100,51,edge,12,16,-0.00004,0.00000,-0.00004,0.00044,
2026-09-14 12:59:10,A0,0,100,52,edge,13,14,-0.00012,0.00000,-0.00012,0.00043,
2026-09-14 12:59:10,A0,0,100,53,edge,13,16,0.00009,0.00000,0.00009,0.00049,
2026-09-14 12:59:10,A0,0,100,54,edge,13,17,-0.00009,0.00000,-0.00009,0.00039,
2026-09-14 12:59:10,A0,0,100,55,edge,14,15,-0.00007,0.00000,-0.00007,0.00038,
2026-09-14 12:59:10,A0,0,100,56,edge,14,17,0.00001,0.00000,0.00001,0.00039,
2026-09-14 12:59:10,A0,0,100,57,edge,14,18,0.00003,0.00000,0.00003,0.00048,
2026-09-14 12:59:10,A0,0,100,58,edge,15,18,0.00005,0.00000,0.00005,0.00038,
2026-09-14 12:59:10,A0,0,100,59,edge,16,17,0.00003,0.00000,0.00003,0.00044,
2026-09-14 12:59:10,A0,0,100,60,edge,17,18,0.00000,0.00000,0.00000,0.00033,
2026-09-14 12:59:13,A1C,0,100,0,self,0,0,-0.23145,-0.23220,0.00075,0.02104,
2026-09-14 12:59:13,A1C,0,100,1,self,1,1,-19.66275,-19.66279,0.00004,0.02192,
2026-09-14 12:59:13,A1C,0,100,2,self,2,2,-0.23327,-0.23215,-0.00112,0.02340,
2026-09-14 12:59:13,A1C,0,100,3,self,3,3,-19.73150,-19.73038,-0.00113,0.02234,
2026-09-14 12:59:13,A1C,0,100,4,self,4,4,-0.42836,-0.42542,-0.00294,0.02563,
2026-09-14 12:59:13,A1C,0,100,5,self,5,5,-0.42465,-0.42541,0.00075,0.02250,
2026-09-14 12:59:13,A1C,0,100,6,self,6,6,-19.73482,-19.73041,-0.00441,0.02593,
2026-09-14 12:59:13,A1C,0,100,7,self,7,7,-0.23356,-0.23210,-0.00145,0.02061,
2026-09-14 12:59:13,A1C,0,100,8,self,8,8,-0.41916,-0.42535,0.00619,0.02223,
2026-09-14 12:59:13,A1C,0,100,9,self,9,9,-19.68832,-19.68698,-0.00133,0.02448,
2026-09-14 12:59:13,A1C,0,100,10,self,10,10,-0.42396,-0.42541,0.00145,0.02343,
2026-09-14 12:59:13,A1C,0,100,11,self,11,11,-0.23101,-0.23215,0.00114,0.02437,
2026-09-14 12:59:13,A1C,0,100,12,self,12,12,-19.65925,-19.66278,0.00354,0.02203,
2026-09-14 12:59:13,A1C,0,100,13,self,13,13,-0.42851,-0.42535,-0.00315,0.02248,
2026-09-14 12:59:13,A1C,0,100,14,self,14,14,-0.42279,-0.42542,0.00263,0.02442,
2026-09-14 12:59:13,A1C,0,100,15,self,15,15,-19.66260,-19.66279,0.00019,0.02463,
2026-09-14 12:59:13,A1C,0,100,16,self,16,16,-0.23795,-0.23210,-0.00585,0.02168,
2026-09-14 12:59:13,A1C,0,100,17,self,17,17,-19.73008,-19.73038,0.00029,0.02264,
2026-09-14 12:59:13,A1C,0,100,18,self,18,18,-0.23119,-0.23220,0.00101,0.02372,
2026-09-14 12:59:13,A1C,0,100,19,edge,0,1,1.42592,1.42598,-0.00006,0.00039,
2026-09-14 12:59:13,A1C,0,100,20,edge,0,3,1.42829,1.42841,-0.00011,0.00039,
2026-09-14 12:59:13,A1C,0,100,21,edge,0,4,-0.29036,-0.29032,-0.00004,0.00040,
2026-09-14 12:59:13,A1C,0,100,22,edge,1,2,1.42606,1.42598,0.00008,0.00037,
2026-09-14 12:59:13,A1C,0,100,23,edge,1,4,1.39053,1.39058,-0.00005,0.00032,
2026-09-14 12:59:13,A1C,0,100,24,edge,1,5,1.39061,1.39058,0.00003,0.00037,
2026-09-14 12:59:13,A1C,0,100,25,edge,2,5,-0.29022,-0.29028,0.00006,0.00049,
2026-09-14 12:59:13,A1C,0,100,26,edge,2,6,1.42809,1.42809,-0.00000,0.00038,
2026-09-14 12:59:13,A1C,0,100,27,edge,3,4,1.81964,1.81974,-0.00009,0.00037,
2026-09-14 12:59:13,A1C,0,100,28,edge,3,7,1.42774,1.42777,-0.00003,0.00045,
2026-09-14 12:59:13,A1C,0,100,29,edge,3,8,1.81931,1.81940,-0.00009,0.00039,
2026-09-14 12:59:13,A1C,0,100,30,edge,4,5,-0.31268,-0.31271,0.00003,0.00052,
2026-09-14 12:59:13,A1C,0,100,31,edge,4,8,-0.36385,-0.36372,-0.00014,0.00048,
2026-09-14 12:59:13,A1C,0,100,32,edge,4,9,1.37494,1.37504,-0.00011,0.00041,
2026-09-14 12:59:13,A1C,0,100,33,edge,5,6,1.81960,1.81967,-0.00007,0.00040,
2026-09-14 12:59:13,A1C,0,100,34,edge,5,9,1.37501,1.37504,-0.00003,0.00034,
2026-09-14 12:59:13,A1C,0,100,35,edge,5,10,-0.36380,-0.36374,-0.00007,0.00049,
2026-09-14 12:59:13,A1C,0,100,36,edge,6,10,1.81962,1.81967,-0.00005,0.00035,
2026-09-14 12:59:13,A1C,0,100,37,edge,6,11,1.42809,1.42809,0.00001,0.00041,
2026-09-14 12:59:13,A1C,0,100,38,edge,7,8,-0.29020,-0.29023,0.00003,0.00044,
2026-09-14 12:59:13,A1C,0,100,39,edge,7,12,1.42603,1.42599,0.00004,0.00040,
2026-09-14 12:59:13,A1C,0,100,40,edge,8,9,1.37502,1.37505,-0.00003,0.00038,
2026-09-14 12:59:13,A1C,0,100,41,edge,8,12,1.39054,1.39059,-0.00006,0.00039,
2026-09-14 12:59:13,A1C,0,100,42,edge,8,13,-0.31260,-0.31269,0.00009,0.00045,
2026-09-14 12:59:13,A1C,0,100,43,edge,9,10,1.37507,1.37504,0.00003,0.00039,
2026-09-14 12:59:13,A1C,0,100,44,edge,9,13,1.37498,1.37505,-0.00007,0.00037,
2026-09-14 12:59:13,A1C,0,100,45,edge,9,14,1.37504,1.37504,-0.00001,0.00036,
2026-09-14 12:59:13,A1C,0,100,46,edge,10,11,-0.29041,-0.29028,-0.00013,0.00040,
2026-09-14 12:59:13,A1C,0,100,47,edge,10,14,-0.31269,-0.31271,0.00002,0.00045,
2026-09-14 12:59:13,A1C,0,100,48,edge,10,15,1.39056,1.39058,-0.00003,0.00040,
2026-09-14 12:59:13,A1C,0,100,49,edge,11,15,1.42596,1.42598,-0.00002,0.00038,
2026-09-14 12:59:13,A1C,0,100,50,edge,12,13,1.39054,1.39059,-0.00005,0.00041,
2026-09-14 12:59:13,A1C,0,100,51,edge,12,16,1.42593,1.42599,-0.00007,0.00034,
2026-09-14 12:59:13,A1C,0,100,52,edge,13,14,-0.36386,-0.36372,-0.00015,0.00048,
2026-09-14 12:59:13,A1C,0,100,53,edge,13,16,-0.29030,-0.29023,-0.00007,0.00048,
2026-09-14 12:59:13,A1C,0,100,54,edge,13,17,1.81922,1.81940,-0.00018,0.00044,
2026-09-14 12:59:13,A1C,0,100,55,edge,14,15,1.39051,1.39058,-0.00007,0.00042,
2026-09-14 12:59:13,A1C,0,100,56,edge,14,17,1.81963,1.81974,-0.00010,0.00042,
2026-09-14 12:59:13,A1C,0,100,57,edge,14,18,-0.29038,-0.29032,-0.00006,0.00045,
2026-09-14 12:59:13,A1C,0,100,58,edge,15,18,1.42599,1.42598,0.00002,0.00037,
2026-09-14 12:59:13,A1C,0,100,59,edge,16,17,1.42775,1.42777,-0.00002,0.00036,
2026-09-14 12:59:13,A1C,0,100,60,edge,17,18,1.42834,1.42841,-0.00007,0.00038,
2026-09-14 12:59:17,A1C,1,100,0,self,0,0,-0.23459,-0.23220,-0.00239,0.02561,
2026-09-14 12:59:17,A1C,1,100,1,self,1,1,-19.72657,-19.73038,0.00380,0.02468,
2026-09-14 12:59:17,A1C,1,100,2,self,2,2,-0.22543,-0.23210,0.00667,0.02142,
2026-09-14 12:59:17,A1C,1,100,3,self,3,3,-19.66556,-19.66279,-0.00277,0.02507,
2026-09-14 12:59:17,A1C,1,100,4,self,4,4,-0.42420,-0.42542,0.00122,0.02324,
2026-09-14 12:59:17,A1C,1,100,5,self,5,5,-0.42518,-0.42535,0.00017,0.02183,
2026-09-14 12:59:17,A1C,1,100,6,self,6,6,-19.66332,-19.66278,-0.00054,0.02321,
2026-09-14 12:59:17,A1C,1,100,7,self,7,7,-0.23541,-0.23215,-0.00326,0.02368,
2026-09-14 12:59:17,A1C,1,100,8,self,8,8,-0.42069,-0.42541,0.00471,0.02671,
2026-09-14 12:59:17,A1C,1,100,9,self,9,9,-19.68616,-19.68698,0.00082,0.02104,
2026-09-14 12:59:17,A1C,1,100,10,self,10,10,-0.42294,-0.42535,0.00241,0.02431,
2026-09-14 12:59:17,A1C,1,100,11,self,11,11,-0.23169,-0.23210,0.00041,0.02587,
2026-09-14 12:59:17,A1C,1,100,12,self,12,12,-19.72735,-19.73041,0.00306,0.02320,
2026-09-14 12:59:17,A1C,1,100,13,self,13,13,-0.42968,-0.42541,-0.00427,0.02328,
2026-09-14 12:59:17,A1C,1,100,14,self,14,14,-0.42408,-0.42542,0.00134,0.02268,
2026-09-14 12:59:17,A1C,1,100,15,self,15,15,-19.72583,-19.73038,0.00455,0.02281,
2026-09-14 12:59:17,A1C,1,100,16,self,16,16,-0.23774,-0.23215,-0.00559,0.02488,
2026-09-14 12:59:17,A1C,1,100,17,self,17,17,-19.65826,-19.66279,0.00452,0.02294,
2026-09-14 12:59:17,A1C,1,100,18,self,18,18,-0.23403,-0.23220,-0.00184,0.02380,
2026-09-14 12:59:17,A1C,1,100,19,edge,0,1,1.42830,1.42841,-0.00011,0.00035,
2026-09-14 12:59:17,A1C,1,100,20,edge,0,3,1.42591,1.42598,-0.00007,0.00039,
2026-09-14 12:59:17,A1C,1,100,21,edge,0,4,-0.29045,-0.29032,-0.00013,0.00051,
2026-09-14 12:59:17,A1C,1,100,22,edge,1,2,1.42782,1.42777,0.00006,0.00038,
2026-09-14 12:59:17,A1C,1,100,23,edge,1,4,1.81967,1.81974,-0.00007,0.00034,
2026-09-14 12:59:17,A1C,1,100,24,edge,1,5,1.81939,1.81940,-0.00000,0.00038,
2026-09-14 12:59:17,A1C,1,100,25,edge,2,5,-0.29007,-0.29023,0.00016,0.00050,
2026-09-14 12:59:17,A1C,1,100,26,edge,2,6,1.42600,1.42599,0.00001,0.00039,
2026-09-14 12:59:17,A1C,1,100,27,edge,3,4,1.39053,1.39058,-0.00005,0.00034,
2026-09-14 12:59:17,A1C,1,100,28,edge,3,7,1.42591,1.42598,-0.00007,0.00039,
2026-09-14 12:59:17,A1C,1,100,29,edge,3,8,1.39051,1.39058,-0.00007,0.00039,
2026-09-14 12:59:17,A1C,1,100,30,edge,4,5,-0.36369,-0.36372,0.00003,0.00050,
2026-09-14 12:59:17,A1C,1,100,31,edge,4,8,-0.31276,-0.31271,-0.00005,0.00043,
2026-09-14 12:59:17,A1C,1,100,32,edge,4,9,1.37491,1.37504,-0.00013,0.00041,
2026-09-14 12:59:17,A1C,1,100,33,edge,5,6,1.39056,1.39059,-0.00003,0.00035,
2026-09-14 12:59:17,A1C,1,100,34,edge,5,9,1.37503,1.37505,-0.00002,0.00040,
2026-09-14 12:59:17,A1C,1,100,35,edge,5,10,-0.31274,-0.31269,-0.00004,0.00046,
2026-09-14 12:59:17,A1C,1,100,36,edge,6,10,1.39048,1.39059,-0.00012,0.00043,
2026-09-14 12:59:17,A1C,1,100,37,edge,6,11,1.42596,1.42599,-0.00004,0.00036,
2026-09-14 12:59:17,A1C,1,100,38,edge,7,8,-0.29028,-0.29028,0.00001,0.00047,
2026-09-14 12:59:17,A1C,1,100,39,edge,7,12,1.42814,1.42809,0.00006,0.00040,
2026-09-14 12:59:17,A1C,1,100,40,edge,8,9,1.37497,1.37504,-0.00008,0.00037,
2026-09-14 12:59:17,A1C,1,100,41,edge,8,12,1.81963,1.81967,-0.00004,0.00036,
2026-09-14 12:59:17,A1C,1,100,42,edge,8,13,-0.36378,-0.36374,-0.00004,0.00047,
2026-09-14 12:59:17,A1C,1,100,43,edge,9,10,1.37508,1.37505,0.00002,0.00036,
2026-09-14 12:59:17,A1C,1,100,44,edge,9,13,1.37503,1.37504,-0.00001,0.00038,
2026-09-14 12:59:17,A1C,1,100,45,edge,9,14,1.37499,1.37504,-0.00005,0.00036,
2026-09-14 12:59:17,A1C,1,100,46,edge,10,11,-0.29033,-0.29023,-0.00009,0.00048,
2026-09-14 12:59:17,A1C,1,100,47,edge,10,14,-0.36374,-0.36372,-0.00003,0.00050,
2026-09-14 12:59:17,A1C,1,100,48,edge,10,15,1.81931,1.81940,-0.00009,0.00034,
2026-09-14 12:59:17,A1C,1,100,49,edge,11,15,1.42761,1.42777,-0.00015,0.00043,
2026-09-14 12:59:17,A1C,1,100,50,edge,12,13,1.81962,1.81967,-0.00004,0.00034,
2026-09-14 12:59:17,A1C,1,100,51,edge,12,16,1.42804,1.42809,-0.00004,0.00037,
2026-09-14 12:59:17,A1C,1,100,52,edge,13,14,-0.31282,-0.31271,-0.00011,0.00052,
2026-09-14 12:59:17,A1C,1,100,53,edge,13,16,-0.29029,-0.29028,-0.00001,0.00047,
2026-09-14 12:59:17,A1C,1,100,54,edge,13,17,1.39048,1.39058,-0.00010,0.00035,
2026-09-14 12:59:17,A1C,1,100,55,edge,14,15,1.81966,1.81974,-0.00007,0.00039,
2026-09-14 12:59:17,A1C,1,100,56,edge,14,17,1.39053,1.39058,-0.00005,0.00035,
2026-09-14 12:59:17,A1C,1,100,57,edge,14,18,-0.29034,-0.29032,-0.00002,0.00048,
2026-09-14 12:59:17,A1C,1,100,58,edge,15,18,1.42842,1.42841,0.00001,0.00036,
2026-09-14 12:59:17,A1C,1,100,59,edge,16,17,1.42595,1.42598,-0.00003,0.00037,
2026-09-14 12:59:17,A1C,1,100,60,edge,17,18,1.42590,1.42598,-0.00008,0.00037,
2026-09-14 12:59:20,A1C,2,100,0,self,0,0,-0.23197,-0.23220,0.00022,0.02298,
2026-09-14 12:59:20,A1C,2,100,1,self,1,1,-19.66601,-19.66279,-0.00322,0.02195,
2026-09-14 12:59:20,A1C,2,100,2,self,2,2,-0.23238,-0.23215,-0.00023,0.02691,
2026-09-14 12:59:20,A1C,2,100,3,self,3,3,-19.73090,-19.73038,-0.00053,0.02407,
2026-09-14 12:59:20,A1C,2,100,4,self,4,4,-0.42488,-0.42542,0.00054,0.02342,
2026-09-14 12:59:20,A1C,2,100,5,self,5,5,-0.42168,-0.42541,0.00372,0.02326,
2026-09-14 12:59:20,A1C,2,100,6,self,6,6,-19.73005,-19.73041,0.00036,0.02289,
2026-09-14 12:59:20,A1C,2,100,7,self,7,7,-0.23638,-0.23210,-0.00427,0.02313,
2026-09-14 12:59:20,A1C,2,100,8,self,8,8,-0.42178,-0.42535,0.00357,0.02587,
2026-09-14 12:59:20,A1C,2,100,9,self,9,9,-19.68446,-19.68698,0.00252,0.02121,
2026-09-14 12:59:20,A1C,2,100,10,self,10,10,-0.41729,-0.42541,0.00811,0.02378,
2026-09-14 12:59:20,A1C,2,100,11,self,11,11,-0.22820,-0.23215,0.00395,0.02588,
2026-09-14 12:59:20,A1C,2,100,12,self,12,12,-19.65947,-19.66278,0.00331,0.02281,
2026-09-14 12:59:20,A1C,2,100,13,self,13,13,-0.42828,-0.42535,-0.00293,0.02585,
2026-09-14 12:59:20,A1C,2,100,14,self,14,14,-0.42484,-0.42542,0.00058,0.02419,
2026-09-14 12:59:20,A1C,2,100,15,self,15,15,-19.65621,-19.66279,0.00658,0.02422,
2026-09-14 12:59:20,A1C,2,100,16,self,16,16,-0.23224,-0.23210,-0.00014,0.02488,
2026-09-14 12:59:20,A1C,2,100,17,self,17,17,-19.72831,-19.73038,0.00206,0.02143,
2026-09-14 12:59:20,A1C,2,100,18,self,18,18,-0.22875,-0.23220,0.00345,0.02167,
2026-09-14 12:59:20,A1C,2,100,19,edge,0,1,1.42592,1.42598,-0.00005,0.00040,
2026-09-14 12:59:20,A1C,2,100,20,edge,0,3,1.42828,1.42841,-0.00013,0.00041,
2026-09-14 12:59:20,A1C,2,100,21,edge,0,4,-0.29032,-0.29032,0.00000,0.00047,
2026-09-14 12:59:20,A1C,2,100,22,edge,1,2,1.42602,1.42598,0.00004,0.00038,
2026-09-14 12:59:20,A1C,2,100,23,edge,1,4,1.39053,1.39058,-0.00005,0.00035,
2026-09-14 12:59:20,A1C,2,100,24,edge,1,5,1.39054,1.39058,-0.00005,0.00035,
2026-09-14 12:59:20,A1C,2,100,25,edge,2,5,-0.29024,-0.29028,0.00004,0.00048,
2026-09-14 12:59:20,A1C,2,100,26,edge,2,6,1.42807,1.42809,-0.00002,0.00037,
2026-09-14 12:59:20,A1C,2,100,27,edge,3,4,1.81971,1.81974,-0.00003,0.00037,
2026-09-14 12:59:20,A1C,2,100,28,edge,3,7,1.42770,1.42777,-0.00006,0.00035,
2026-09-14 12:59:20,A1C,2,100,29,edge,3,8,1.81928,1.81940,-0.00011,0.00039,
2026-09-14 12:59:20,A1C,2,100,30,edge,4,5,-0.31274,-0.31271,-0.00003,0.00044,
2026-09-14 12:59:20,A1C,2,100,31,edge,4,8,-0.36377,-0.36372,-0.00006,0.00048,
2026-09-14 12:59:20,A1C,2,100,32,edge,4,9,1.37503,1.37504,-0.00001,0.00035,
2026-09-14 12:59:20,A1C,2,100,33,edge,5,6,1.81964,1.81967,-0.00003,0.00040,
2026-09-14 12:59:20,A1C,2,100,34,edge,5,9,1.37497,1.37504,-0.00007,0.00043,
2026-09-14 12:59:20,A1C,2,100,35,edge,5,10,-0.36374,-0.36374,-0.00001,0.00046,
2026-09-14 12:59:20,A1C,2,100,36,edge,6,10,1.81953,1.81967,-0.00014,0.00037,
2026-09-14 12:59:20,A1C,2,100,37,edge,6,11,1.42809,1.42809,0.00001,0.00039,
2026-09-14 12:59:20,A1C,2,100,38,edge,7,8,-0.29026,-0.29023,-0.00002,0.00043,
2026-09-14 12:59:20,A1C,2,100,39,edge,7,12,1.42602,1.42599,0.00003,0.00035,
2026-09-14 12:59:20,A1C,2,100,40,edge,8,9,1.37495,1.37505,-0.00010,0.00035,
2026-09-14 12:59:20,A1C,2,100,41,edge,8,12,1.39051,1.39059,-0.00008,0.00034,
2026-09-14 12:59:20,A1C,2,100,42,edge,8,13,-0.31265,-0.31269,0.00005,0.00046,
2026-09-14 12:59:20,A1C,2,100,43,edge,9,10,1.37504,1.37504,-0.00000,0.00041,
2026-09-14 12:59:20,A1C,2,100,44,edge,9,13,1.37498,1.37505,-0.00007,0.00037,
2026-09-14 12:59:20,A1C,2,100,45,edge,9,14,1.37502,1.37504,-0.00002,0.00041,
2026-09-14 12:59:20,A1C,2,100,46,edge,10,11,-0.29034,-0.29028,-0.00005,0.00050,
2026-09-14 12:59:20,A1C,2,100,47,edge,10,14,-0.31278,-0.31271,-0.00007,0.00043,
2026-09-14 12:59:20,A1C,2,100,48,edge,10,15,1.39050,1.39058,-0.00009,0.00037,
2026-09-14 12:59:20,A1C,2,100,49,edge,11,15,1.42587,1.42598,-0.00012,0.00033,
2026-09-14 12:59:20,A1C,2,100,50,edge,12,13,1.39056,1.39059,-0.00003,0.00036,
2026-09-14 12:59:20,A1C,2,100,51,edge,12,16,1.42591,1.42599,-0.00008,0.00040,
2026-09-14 12:59:20,A1C,2,100,52,edge,13,14,-0.36394,-0.36372,-0.00023,0.00052,
2026-09-14 12:59:20,A1C,2,100,53,edge,13,16,-0.29031,-0.29023,-0.00008,0.00047,
2026-09-14 12:59:20,A1C,2,100,54,edge,13,17,1.81923,1.81940,-0.00016,0.00038,
2026-09-14 12:59:20,A1C,2,100,55,edge,14,15,1.39047,1.39058,-0.00011,0.00040,
2026-09-14 12:59:20,A1C,2,100,56,edge,14,17,1.81967,1.81974,-0.00007,0.00036,
2026-09-14 12:59:20,A1C,2,100,57,edge,14,18,-0.29036,-0.29032,-0.00004,0.00052,
2026-09-14 12:59:20,A1C,2,100,58,edge,15,18,1.42595,1.42598,-0.00003,0.00034,
2026-09-14 12:59:20,A1C,2,100,59,edge,16,17,1.42780,1.42777,0.00003,0.00035,
2026-09-14 12:59:20,A1C,2,100,60,edge,17,18,1.42838,1.42841,-0.00003,0.00045,
2026-09-14 12:59:23,A1C,3,100,0,self,0,0,-0.23062,-0.23220,0.00158,0.02135,
2026-09-14 12:59:23,A1C,3,100,1,self,1,1,-19.72872,-19.73038,0.00165,0.02511,
2026-09-14 12:59:23,A1C,3,100,2,self,2,2,-0.22837,-0.23210,0.00373,0.02391,
2026-09-14 12:59:23,A1C,3,100,3,self,3,3,-19.65828,-19.66279,0.00451,0.02297,
2026-09-14 12:59:23,A1C,3,100,4,self,4,4,-0.42286,-0.42542,0.00255,0.02250,
2026-09-14 12:59:23,A1C,3,100,5,self,5,5,-0.42207,-0.42535,0.00328,0.02433,
2026-09-14 12:59:23,A1C,3,100,6,self,6,6,-19.66406,-19.66278,-0.00127,0.02348,
2026-09-14 12:59:23,A1C,3,100,7,self,7,7,-0.23173,-0.23215,0.00042,0.02598,
2026-09-14 12:59:23,A1C,3,100,8,self,8,8,-0.41960,-0.42541,0.00581,0.02327,
2026-09-14 12:59:23,A1C,3,100,9,self,9,9,-19.68422,-19.68698,0.00276,0.02201,
2026-09-14 12:59:23,A1C,3,100,10,self,10,10,-0.41851,-0.42535,0.00684,0.02264,
2026-09-14 12:59:23,A1C,3,100,11,self,11,11,-0.23006,-0.23210,0.00204,0.02296,
2026-09-14 12:59:23,A1C,3,100,12,self,12,12,-19.72478,-19.73041,0.00563,0.02296,
2026-09-14 12:59:23,A1C,3,100,13,self,13,13,-0.42499,-0.42541,0.00042,0.02566,
2026-09-14 12:59:23,A1C,3,100,14,self,14,14,-0.41987,-0.42542,0.00555,0.02564,
2026-09-14 12:59:23,A1C,3,100,15,self,15,15,-19.72623,-19.73038,0.00415,0.02756,
2026-09-14 12:59:23,A1C,3,100,16,self,16,16,-0.23518,-0.23215,-0.00303,0.02179,
2026-09-14 12:59:23,A1C,3,100,17,self,17,17,-19.66294,-19.66279,-0.00015,0.02354,
2026-09-14 12:59:23,A1C,3,100,18,self,18,18,-0.23245,-0.23220,-0.00025,0.02601,
2026-09-14 12:59:23,A1C,3,100,19,edge,0,1,1.42833,1.42841,-0.00008,0.00038,
2026-09-14 12:59:23,A1C,3,100,20,edge,0,3,1.42578,1.42598,-0.00020,0.00039,
2026-09-14 12:59:23,A1C,3,100,21,edge,0,4,-0.29042,-0.29032,-0.00010,0.00052,
2026-09-14 12:59:23,A1C,3,100,22,edge,1,2,1.42782,1.42777,0.00006,0.00039,
2026-09-14 12:59:23,A1C,3,100,23,edge,1,4,1.81969,1.81974,-0.00004,0.00032,
2026-09-14 12:59:23,A1C,3,100,24,edge,1,5,1.81938,1.81940,-0.00001,0.00036,
2026-09-14 12:59:23,A1C,3,100,25,edge,2,5,-0.29016,-0.29023,0.00007,0.00042,
2026-09-14 12:59:23,A1C,3,100,26,edge,2,6,1.42598,1.42599,-0.00002,0.00038,
2026-09-14 12:59:23,A1C,3,100,27,edge,3,4,1.39055,1.39058,-0.00002,0.00036,
2026-09-14 12:59:23,A1C,3,100,28,edge,3,7,1.42585,1.42598,-0.00013,0.00035,
2026-09-14 12:59:23,A1C,3,100,29,edge,3,8,1.39047,1.39058,-0.00011,0.00036,
2026-09-14 12:59:23,A1C,3,100,30,edge,4,5,-0.36376,-0.36372,-0.00004,0.00046,
2026-09-14 12:59:23,A1C,3,100,31,edge,4,8,-0.31279,-0.31271,-0.00008,0.00048,
2026-09-14 12:59:23,A1C,3,100,32,edge,4,9,1.37497,1.37504,-0.00007,0.00038,
2026-09-14 12:59:23,A1C,3,100,33,edge,5,6,1.39057,1.39059,-0.00002,0.00034,
2026-09-14 12:59:23,A1C,3,100,34,edge,5,9,1.37499,1.37505,-0.00006,0.00041,
2026-09-14 12:59:23,A1C,3,100,35,edge,5,10,-0.31273,-0.31269,-0.00003,0.00049,
2026-09-14 12:59:23,A1C,3,100,36,edge,6,10,1.39044,1.39059,-0.00015,0.00036,
2026-09-14 12:59:23,A1C,3,100,37,edge,6,11,1.42601,1.42599,0.00001,0.00031,
2026-09-14 12:59:23,A1C,3,100,38,edge,7,8,-0.29031,-0.29028,-0.00003,0.00051,
2026-09-14 12:59:23,A1C,3,100,39,edge,7,12,1.42810,1.42809,0.00002,0.00041,
2026-09-14 12:59:23,A1C,3,100,40,edge,8,9,1.37495,1.37504,-0.00009,0.00041,
2026-09-14 12:59:23,A1C,3,100,41,edge,8,12,1.81966,1.81967,-0.00001,0.00034,
2026-09-14 12:59:23,A1C,3,100,42,edge,8,13,-0.36372,-0.36374,0.00002,0.00046,
2026-09-14 12:59:23,A1C,3,100,43,edge,9,10,1.37511,1.37505,0.00006,0.00034,
2026-09-14 12:59:23,A1C,3,100,44,edge,9,13,1.37496,1.37504,-0.00009,0.00035,
2026-09-14 12:59:23,A1C,3,100,45,edge,9,14,1.37503,1.37504,-0.00001,0.00038,
2026-09-14 12:59:23,A1C,3,100,46,edge,10,11,-0.29029,-0.29023,-0.00006,0.00051,
2026-09-14 12:59:23,A1C,3,100,47,edge,10,14,-0.36384,-0.36372,-0.00012,0.00051,
2026-09-14 12:59:23,A1C,3,100,48,edge,10,15,1.81934,1.81940,-0.00005,0.00036,
2026-09-14 12:59:23,A1C,3,100,49,edge,11,15,1.42770,1.42777,-0.00006,0.00037,
2026-09-14 12:59:23,A1C,3,100,50,edge,12,13,1.81961,1.81967,-0.00006,0.00037,
2026-09-14 12:59:23,A1C,3,100,51,edge,12,16,1.42803,1.42809,-0.00005,0.00039,
2026-09-14 12:59:23,A1C,3,100,52,edge,13,14,-0.31286,-0.31271,-0.00015,0.00056,
2026-09-14 12:59:23,A1C,3,100,53,edge,13,16,-0.29029,-0.29028,-0.00001,0.00053,
2026-09-14 12:59:23,A1C,3,100,54,edge,13,17,1.39046,1.39058,-0.00012,0.00043,
2026-09-14 12:59:23,A1C,3,100,55,edge,14,15,1.81968,1.81974,-0.00005,0.00035,
2026-09-14 12:59:23,A1C,3,100,56,edge,14,17,1.39046,1.39058,-0.00012,0.00038,
2026-09-14 12:59:23,A1C,3,100,57,edge,14,18,-0.29035,-0.29032,-0.00003,0.00045,
2026-09-14 12:59:23,A1C,3,100,58,edge,15,18,1.42845,1.42841,0.00004,0.00034,
2026-09-14 12:59:23,A1C,3,100,59,edge,16,17,1.42601,1.42598,0.00003,0.00043,
2026-09-14 12:59:23,A1C,3,100,60,edge,17,18,1.42590,1.42598,-0.00008,0.00035,
2026-09-14 12:59:26,A2C,0,100,0,self,0,0,-48.94185,-48.93954,-0.00231,0.02236,
2026-09-14 12:59:26,A2C,0,100,1,self,1,1,-0.01691,-0.01602,-0.00089,0.02476,
2026-09-14 12:59:26,A2C,0,100,2,self,2,2,-0.12711,-0.12869,0.00157,0.02411,
2026-09-14 12:59:26,A2C,0,100,3,self,3,3,-0.03184,-0.03401,0.00217,0.03000,
2026-09-14 12:59:26,A2C,0,100,4,self,4,4,-0.34716,-0.34767,0.00051,0.02076,
2026-09-14 12:59:26,A2C,0,100,5,self,5,5,-53.01190,-53.01273,0.00083,0.02303,
2026-09-14 12:59:26,A2C,0,100,6,self,6,6,-0.03540,-0.03401,-0.00139,0.02284,
2026-09-14 12:59:26,A2C,0,100,7,self,7,7,-0.12882,-0.12869,-0.00013,0.02070,
2026-09-14 12:59:26,A2C,0,100,8,self,8,8,-53.00503,-53.01273,0.00770,0.02070,
2026-09-14 12:59:26,A2C,0,100,9,self,9,9,-0.03981,-0.03495,-0.00486,0.02434,
2026-09-14 12:59:26,A2C,0,100,10,self,10,10,-0.34112,-0.34767,0.00655,0.02234,
2026-09-14 12:59:26,A2C,0,100,11,self,11,11,-48.93907,-48.93954,0.00047,0.02341,
2026-09-14 12:59:26,A2C,0,100,12,self,12,12,-0.01593,-0.01602,0.00009,0.02152,
2026-09-14 12:59:26,A2C,0,100,13,self,13,13,-0.35118,-0.34767,-0.00351,0.02241,
2026-09-14 12:59:26,A2C,0,100,14,self,14,14,-53.00723,-53.01273,0.00550,0.02341,
2026-09-14 12:59:26,A2C,0,100,15,self,15,15,-0.01444,-0.01602,0.00158,0.02504,
2026-09-14 12:59:26,A2C,0,100,16,self,16,16,-48.93984,-48.93954,-0.00030,0.02161,
2026-09-14 12:59:26,A2C,0,100,17,self,17,17,-0.03178,-0.03401,0.00224,0.02760,
2026-09-14 12:59:26,A2C,0,100,18,self,18,18,-0.12777,-0.12869,0.00092,0.02391,
2026-09-14 12:59:26,A2C,0,100,19,edge,0,1,0.23074,0.23083,-0.00009,0.00040,
2026-09-14 12:59:26,A2C,0,100,20,edge,0,3,0.94274,0.94277,-0.00003,0.00039,
2026-09-14 12:59:26,A2C,0,100,21,edge,0,4,2.28706,2.28708,-0.00002,0.00046,
2026-09-14 12:59:26,A2C,0,100,22,edge,1,2,-0.03733,-0.03739,0.00007,0.00042,
2026-09-14 12:59:26,A2C,0,100,23,edge,1,4,-0.06888,-0.06882,-0.00006,0.00041,
2026-09-14 12:59:26,A2C,0,100,24,edge,1,5,0.56610,0.56613,-0.00004,0.00034,
2026-09-14 12:59:26,A2C,0,100,25,edge,2,5,2.38707,2.38699,0.00008,0.00048,
2026-09-14 12:59:26,A2C,0,100,26,edge,2,6,-0.04579,-0.04579,-0.00000,0.00042,
2026-09-14 12:59:26,A2C,0,100,27,edge,3,4,-0.10371,-0.10366,-0.00005,0.00041,
2026-09-14 12:59:26,A2C,0,100,28,edge,3,7,-0.04586,-0.04579,-0.00007,0.00041,
2026-09-14 12:59:26,A2C,0,100,29,edge,3,8,0.55706,0.55714,-0.00008,0.00041,
2026-09-14 12:59:26,A2C,0,100,30,edge,4,5,2.33393,2.33398,-0.00006,0.00042,
2026-09-14 12:59:26,A2C,0,100,31,edge,4,8,2.33662,2.33682,-0.00020,0.00045,
2026-09-14 12:59:26,A2C,0,100,32,edge,4,9,-0.09101,-0.09096,-0.00006,0.00039,
2026-09-14 12:59:26,A2C,0,100,33,edge,5,6,0.55706,0.55714,-0.00007,0.00041,
2026-09-14 12:59:26,A2C,0,100,34,edge,5,9,0.55336,0.55340,-0.00004,0.00045,
2026-09-14 12:59:26,A2C,0,100,35,edge,5,10,2.33680,2.33682,-0.00002,0.00042,
2026-09-14 12:59:26,A2C,0,100,36,edge,6,10,-0.10376,-0.10366,-0.00010,0.00037,
2026-09-14 12:59:26,A2C,0,100,37,edge,6,11,0.94270,0.94277,-0.00007,0.00040,
2026-09-14 12:59:26,A2C,0,100,38,edge,7,8,2.38705,2.38699,0.00007,0.00048,
2026-09-14 12:59:26,A2C,0,100,39,edge,7,12,-0.03737,-0.03739,0.00002,0.00042,
2026-09-14 12:59:26,A2C,0,100,40,edge,8,9,0.55339,0.55340,-0.00001,0.00036,
2026-09-14 12:59:26,A2C,0,100,41,edge,8,12,0.56604,0.56613,-0.00010,0.00036,
2026-09-14 12:59:26,A2C,0,100,42,edge,8,13,2.33404,2.33398,0.00005,0.00043,
2026-09-14 12:59:26,A2C,0,100,43,edge,9,10,-0.09092,-0.09096,0.00004,0.00033,
2026-09-14 12:59:26,A2C,0,100,44,edge,9,13,-0.09097,-0.09096,-0.00002,0.00039,
2026-09-14 12:59:26,A2C,0,100,45,edge,9,14,0.55330,0.55340,-0.00010,0.00039,
2026-09-14 12:59:26,A2C,0,100,46,edge,10,11,2.28700,2.28708,-0.00009,0.00044,
2026-09-14 12:59:26,A2C,0,100,47,edge,10,14,2.33387,2.33398,-0.00011,0.00042,
2026-09-14 12:59:26,A2C,0,100,48,edge,10,15,-0.06894,-0.06882,-0.00012,0.00042,
2026-09-14 12:59:26,A2C,0,100,49,edge,11,15,0.23082,0.23083,-0.00001,0.00042,
2026-09-14 12:59:26,A2C,0,100,50,edge,12,13,-0.06885,-0.06882,-0.00003,0.00040,
2026-09-14 12:59:26,A2C,0,100,51,edge,12,16,0.23079,0.23083,-0.00003,0.00040,
2026-09-14 12:59:26,A2C,0,100,52,edge,13,14,2.33665,2.33682,-0.00017,0.00047,
2026-09-14 12:59:26,A2C,0,100,53,edge,13,16,2.28704,2.28708,-0.00004,0.00043,
2026-09-14 12:59:26,A2C,0,100,54,edge,13,17,-0.10380,-0.10366,-0.00013,0.00043,
2026-09-14 12:59:26,A2C,0,100,55,edge,14,15,0.56603,0.56613,-0.00010,0.00039,
2026-09-14 12:59:26,A2C,0,100,56,edge,14,17,0.55707,0.55714,-0.00007,0.00034,
2026-09-14 12:59:26,A2C,0,100,57,edge,14,18,2.38700,2.38699,0.00001,0.00047,
2026-09-14 12:59:26,A2C,0,100,58,edge,15,18,-0.03735,-0.03739,0.00005,0.00037,
2026-09-14 12:59:26,A2C,0,100,59,edge,16,17,0.94279,0.94277,0.00002,0.00040,
2026-09-14 12:59:26,A2C,0,100,60,edge,17,18,-0.04591,-0.04579,-0.00012,0.00043,
2026-09-14 12:59:29,A2C,1,100,0,self,0,0,-0.12723,-0.12869,0.00146,0.02376,
2026-09-14 12:59:29,A2C,1,100,1,self,1,1,-0.02843,-0.03401,0.00558,0.02224,
2026-09-14 12:59:29,A2C,1,100,2,self,2,2,-48.94233,-48.93954,-0.00279,0.02488,
2026-09-14 12:59:29,A2C,1,100,3,self,3,3,-0.01479,-0.01602,0.00123,0.02397,
2026-09-14 12:59:29,A2C,1,100,4,self,4,4,-53.01826,-53.01273,-0.00553,0.02351,
2026-09-14 12:59:29,A2C,1,100,5,self,5,5,-0.35090,-0.34767,-0.00324,0.02337,
2026-09-14 12:59:29,A2C,1,100,6,self,6,6,-0.01750,-0.01602,-0.00148,0.02343,
2026-09-14 12:59:29,A2C,1,100,7,self,7,7,-48.94422,-48.93954,-0.00468,0.02173,
2026-09-14 12:59:29,A2C,1,100,8,self,8,8,-0.34815,-0.34767,-0.00048,0.02559,
2026-09-14 12:59:29,A2C,1,100,9,self,9,9,-0.03184,-0.03495,0.00311,0.02138,
2026-09-14 12:59:29,A2C,1,100,10,self,10,10,-53.01341,-53.01273,-0.00068,0.02201,
2026-09-14 12:59:29,A2C,1,100,11,self,11,11,-0.12919,-0.12869,-0.00050,0.02322,
2026-09-14 12:59:29,A2C,1,100,12,self,12,12,-0.03403,-0.03401,-0.00001,0.02585,
2026-09-14 12:59:29,A2C,1,100,13,self,13,13,-53.01158,-53.01273,0.00115,0.02471,
2026-09-14 12:59:29,A2C,1,100,14,self,14,14,-0.34206,-0.34767,0.00561,0.02450,
2026-09-14 12:59:29,A2C,1,100,15,self,15,15,-0.03276,-0.03401,0.00125,0.02571,
2026-09-14 12:59:29,A2C,1,100,16,self,16,16,-0.12943,-0.12869,-0.00074,0.02381,
2026-09-14 12:59:29,A2C,1,100,17,self,17,17,-0.01296,-0.01602,0.00306,0.02615,
2026-09-14 12:59:29,A2C,1,100,18,self,18,18,-48.94088,-48.93954,-0.00134,0.02218,
2026-09-14 12:59:29,A2C,1,100,19,edge,0,1,-0.04583,-0.04579,-0.00004,0.00041,
2026-09-14 12:59:29,A2C,1,100,20,edge,0,3,-0.03750,-0.03739,-0.00011,0.00038,
2026-09-14 12:59:29,A2C,1,100,21,edge,0,4,2.38700,2.38699,0.00001,0.00047,
2026-09-14 12:59:29,A2C,1,100,22,edge,1,2,0.94281,0.94277,0.00004,0.00037,
2026-09-14 12:59:29,A2C,1,100,23,edge,1,4,0.55706,0.55714,-0.00008,0.00038,
2026-09-14 12:59:29,A2C,1,100,24,edge,1,5,-0.10361,-0.10366,0.00006,0.00037,
2026-09-14 12:59:29,A2C,1,100,25,edge,2,5,2.28716,2.28708,0.00007,0.00043,
2026-09-14 12:59:29,A2C,1,100,26,edge,2,6,0.23079,0.23083,-0.00004,0.00037,
2026-09-14 12:59:29,A2C,1,100,27,edge,3,4,0.56603,0.56613,-0.00011,0.00037,
2026-09-14 12:59:29,A2C,1,100,28,edge,3,7,0.23082,0.23083,-0.00001,0.00040,
2026-09-14 12:59:29,A2C,1,100,29,edge,3,8,-0.06885,-0.06882,-0.00003,0.00038,
2026-09-14 12:59:29,A2C,1,100,30,edge,4,5,2.33682,2.33682,-0.00001,0.00046,
2026-09-14 12:59:29,A2C,1,100,31,edge,4,8,2.33390,2.33398,-0.00008,0.00047,
2026-09-14 12:59:29,A2C,1,100,32,edge,4,9,0.55321,0.55340,-0.00019,0.00033,
2026-09-14 12:59:29,A2C,1,100,33,edge,5,6,-0.06885,-0.06882,-0.00003,0.00033,
2026-09-14 12:59:29,A2C,1,100,34,edge,5,9,-0.09097,-0.09096,-0.00001,0.00035,
2026-09-14 12:59:29,A2C,1,100,35,edge,5,10,2.33389,2.33398,-0.00009,0.00041,
2026-09-14 12:59:29,A2C,1,100,36,edge,6,10,0.56604,0.56613,-0.00010,0.00038,
2026-09-14 12:59:29,A2C,1,100,37,edge,6,11,-0.03736,-0.03739,0.00003,0.00032,
2026-09-14 12:59:29,A2C,1,100,38,edge,7,8,2.28707,2.28708,-0.00001,0.00048,
2026-09-14 12:59:29,A2C,1,100,39,edge,7,12,0.94278,0.94277,0.00001,0.00044,
2026-09-14 12:59:29,A2C,1,100,40,edge,8,9,-0.09105,-0.09096,-0.00009,0.00034,
2026-09-14 12:59:29,A2C,1,100,41,edge,8,12,-0.10375,-0.10366,-0.00009,0.00038,
2026-09-14 12:59:29,A2C,1,100,42,edge,8,13,2.33681,2.33682,-0.00001,0.00042,
2026-09-14 12:59:29,A2C,1,100,43,edge,9,10,0.55344,0.55340,0.00004,0.00040,
2026-09-14 12:59:29,A2C,1,100,44,edge,9,13,0.55337,0.55340,-0.00003,0.00036,
2026-09-14 12:59:29,A2C,1,100,45,edge,9,14,-0.09103,-0.09096,-0.00007,0.00034,
2026-09-14 12:59:29,A2C,1,100,46,edge,10,11,2.38697,2.38699,-0.00002,0.00047,
2026-09-14 12:59:29,A2C,1,100,47,edge,10,14,2.33673,2.33682,-0.00009,0.00039,
2026-09-14 12:59:29,A2C,1,100,48,edge,10,15,0.55702,0.55714,-0.00012,0.00040,
2026-09-14 12:59:29,A2C,1,100,49,edge,11,15,-0.04590,-0.04579,-0.00011,0.00038,
2026-09-14 12:59:29,A2C,1,100,50,edge,12,13,0.55703,0.55714,-0.00011,0.00035,
2026-09-14 12:59:29,A2C,1,100,51,edge,12,16,-0.04579,-0.04579,-0.00000,0.00037,
2026-09-14 12:59:29,A2C,1,100,52,edge,13,14,2.33380,2.33398,-0.00018,0.00046,
2026-09-14 12:59:29,A2C,1,100,53,edge,13,16,2.38690,2.38699,-0.00009,0.00047,
2026-09-14 12:59:29,A2C,1,100,54,edge,13,17,0.56599,0.56613,-0.00015,0.00038,
2026-09-14 12:59:29,A2C,1,100,55,edge,14,15,-0.10376,-0.10366,-0.00010,0.00038,
2026-09-14 12:59:29,A2C,1,100,56,edge,14,17,-0.06887,-0.06882,-0.00005,0.00040,
2026-09-14 12:59:29,A2C,1,100,57,edge,14,18,2.28702,2.28708,-0.00006,0.00048,
2026-09-14 12:59:29,A2C,1,100,58,edge,15,18,0.94280,0.94277,0.00003,0.00043,
2026-09-14 12:59:29,A2C,1,100,59,edge,16,17,-0.03741,-0.03739,-0.00001,0.00042,
2026-09-14 12:59:29,A2C,1,100,60,edge,17,18,0.23076,0.23083,-0.00007,0.00039,
2026-09-14 12:59:32,A2C,2,100,0,self,0,0,-48.94482,-48.93954,-0.00528,0.02445,
2026-09-14 12:59:32,A2C,2,100,1,self,1,1,-0.01933,-0.01602,-0.00331,0.02379,
2026-09-14 12:59:32,A2C,2,100,2,self,2,2,-0.12739,-0.12869,0.00129,0.02368,
2026-09-14 12:59:32,A2C,2,100,3,self,3,3,-0.03515,-0.03401,-0.00113,0.02053,
2026-09-14 12:59:32,A2C,2,100,4,self,4,4,-0.34367,-0.34767,0.00400,0.02121,
2026-09-14 12:59:32,A2C,2,100,5,self,5,5,-53.01215,-53.01273,0.00058,0.02459,
2026-09-14 12:59:32,A2C,2,100,6,self,6,6,-0.03792,-0.03401,-0.00391,0.02494,
2026-09-14 12:59:32,A2C,2,100,7,self,7,7,-0.13272,-0.12869,-0.00403,0.02447,
2026-09-14 12:59:32,A2C,2,100,8,self,8,8,-53.01328,-53.01273,-0.00055,0.02394,
2026-09-14 12:59:32,A2C,2,100,9,self,9,9,-0.03805,-0.03495,-0.00310,0.02453,
2026-09-14 12:59:32,A2C,2,100,10,self,10,10,-0.34202,-0.34767,0.00565,0.02165,
2026-09-14 12:59:32,A2C,2,100,11,self,11,11,-48.94454,-48.93954,-0.00500,0.02347,
2026-09-14 12:59:32,A2C,2,100,12,self,12,12,-0.01747,-0.01602,-0.00145,0.02394,
2026-09-14 12:59:32,A2C,2,100,13,self,13,13,-0.34893,-0.34767,-0.00127,0.02281,
2026-09-14 12:59:32,A2C,2,100,14,self,14,14,-53.00642,-53.01273,0.00631,0.02228,
2026-09-14 12:59:32,A2C,2,100,15,self,15,15,-0.01032,-0.01602,0.00570,0.02505,
2026-09-14 12:59:32,A2C,2,100,16,self,16,16,-48.94365,-48.93954,-0.00411,0.02490,
2026-09-14 12:59:32,A2C,2,100,17,self,17,17,-0.03588,-0.03401,-0.00187,0.02376,
2026-09-14 12:59:32,A2C,2,100,18,self,18,18,-0.12646,-0.12869,0.00223,0.02287,
2026-09-14 12:59:32,A2C,2,100,19,edge,0,1,0.23069,0.23083,-0.00013,0.00038,
2026-09-14 12:59:32,A2C,2,100,20,edge,0,3,0.94271,0.94277,-0.00006,0.00040,
2026-09-14 12:59:32,A2C,2,100,21,edge,0,4,2.28705,2.28708,-0.00003,0.00039,
2026-09-14 12:59:32,A2C,2,100,22,edge,1,2,-0.03728,-0.03739,0.00011,0.00045,
2026-09-14 12:59:32,A2C,2,100,23,edge,1,4,-0.06883,-0.06882,-0.00001,0.00041,
2026-09-14 12:59:32,A2C,2,100,24,edge,1,5,0.56603,0.56613,-0.00010,0.00037,
2026-09-14 12:59:32,A2C,2,100,25,edge,2,5,2.38704,2.38699,0.00005,0.00044,
2026-09-14 12:59:32,A2C,2,100,26,edge,2,6,-0.04579,-0.04579,0.00000,0.00036,
2026-09-14 12:59:32,A2C,2,100,27,edge,3,4,-0.10376,-0.10366,-0.00010,0.00036,
2026-09-14 12:59:32,A2C,2,100,28,edge,3,7,-0.04587,-0.04579,-0.00008,0.00040,
2026-09-14 12:59:32,A2C,2,100,29,edge,3,8,0.55697,0.55714,-0.00016,0.00031,
2026-09-14 12:59:32,A2C,2,100,30,edge,4,5,2.33402,2.33398,0.00003,0.00050,
2026-09-14 12:59:32,A2C,2,100,31,edge,4,8,2.33674,2.33682,-0.00009,0.00048,
2026-09-14 12:59:32,A2C,2,100,32,edge,4,9,-0.09105,-0.09096,-0.00009,0.00038,
2026-09-14 12:59:32,A2C,2,100,33,edge,5,6,0.55706,0.55714,-0.00007,0.00040,
2026-09-14 12:59:32,A2C,2,100,34,edge,5,9,0.55333,0.55340,-0.00007,0.00036,
2026-09-14 12:59:32,A2C,2,100,35,edge,5,10,2.33685,2.33682,0.00003,0.00046,
2026-09-14 12:59:32,A2C,2,100,36,edge,6,10,-0.10379,-0.10366,-0.00013,0.00041,
2026-09-14 12:59:32,A2C,2,100,37,edge,6,11,0.94274,0.94277,-0.00003,0.00039,
2026-09-14 12:59:32,A2C,2,100,38,edge,7,8,2.38702,2.38699,0.00003,0.00039,
2026-09-14 12:59:32,A2C,2,100,39,edge,7,12,-0.03736,-0.03739,0.00003,0.00040,
2026-09-14 12:59:32,A2C,2,100,40,edge,8,9,0.55329,0.55340,-0.00012,0.00043,
2026-09-14 12:59:32,A2C,2,100,41,edge,8,12,0.56607,0.56613,-0.00006,0.00037,
2026-09-14 12:59:32,A2C,2,100,42,edge,8,13,2.33395,2.33398,-0.00003,0.00042,
2026-09-14 12:59:32,A2C,2,100,43,edge,9,10,-0.09099,-0.09096,-0.00003,0.00040,
2026-09-14 12:59:32,A2C,2,100,44,edge,9,13,-0.09101,-0.09096,-0.00006,0.00041,
2026-09-14 12:59:32,A2C,2,100,45,edge,9,14,0.55337,0.55340,-0.00003,0.00036,
2026-09-14 12:59:32,A2C,2,100,46,edge,10,11,2.28696,2.28708,-0.00012,0.00049,
2026-09-14 12:59:32,A2C,2,100,47,edge,10,14,2.33390,2.33398,-0.00008,0.00040,
2026-09-14 12:59:32,A2C,2,100,48,edge,10,15,-0.06889,-0.06882,-0.00007,0.00032,
2026-09-14 12:59:32,A2C,2,100,49,edge,11,15,0.23073,0.23083,-0.00010,0.00036,
2026-09-14 12:59:32,A2C,2,100,50,edge,12,13,-0.06896,-0.06882,-0.00013,0.00039,
2026-09-14 12:59:32,A2C,2,100,51,edge,12,16,0.23077,0.23083,-0.00005,0.00045,
2026-09-14 12:59:32,A2C,2,100,52,edge,13,14,2.33654,2.33682,-0.00028,0.00044,
2026-09-14 12:59:32,A2C,2,100,53,edge,13,16,2.28698,2.28708,-0.00010,0.00044,
2026-09-14 12:59:32,A2C,2,100,54,edge,13,17,-0.10380,-0.10366,-0.00014,0.00042,
2026-09-14 12:59:32,A2C,2,100,55,edge,14,15,0.56609,0.56613,-0.00005,0.00035,
2026-09-14 12:59:32,A2C,2,100,56,edge,14,17,0.55714,0.55714,0.00000,0.00036,
2026-09-14 12:59:32,A2C,2,100,57,edge,14,18,2.38695,2.38699,-0.00003,0.00044,
2026-09-14 12:59:32,A2C,2,100,58,edge,15,18,-0.03742,-0.03739,-0.00003,0.00040,
2026-09-14 12:59:32,A2C,2,100,59,edge,16,17,0.94275,0.94277,-0.00002,0.00034,
2026-09-14 12:59:32,A2C,2,100,60,edge,17,18,-0.04590,-0.04579,-0.00010,0.00037,
2026-09-14 12:59:35,A2C,3,100,0,self,0,0,-0.12622,-0.12869,0.00247,0.02333,
2026-09-14 12:59:35,A2C,3,100,1,self,1,1,-0.03857,-0.03401,-0.00456,0.02416,
2026-09-14 12:59:35,A2C,3,100,2,self,2,2,-48.93825,-48.93954,0.00129,0.02390,
2026-09-14 12:59:35,A2C,3,100,3,self,3,3,-0.01802,-0.01602,-0.00200,0.02400,
2026-09-14 12:59:35,A2C,3,100,4,self,4,4,-53.01339,-53.01273,-0.00066,0.02269,
2026-09-14 12:59:35,A2C,3,100,5,self,5,5,-0.34611,-0.34767,0.00156,0.02406,
2026-09-14 12:59:35,A2C,3,100,6,self,6,6,-0.02632,-0.01602,-0.01030,0.02196,
2026-09-14 12:59:35,A2C,3,100,7,self,7,7,-48.94522,-48.93954,-0.00568,0.02493,
2026-09-14 12:59:35,A2C,3,100,8,self,8,8,-0.34792,-0.34767,-0.00026,0.02193,
2026-09-14 12:59:35,A2C,3,100,9,self,9,9,-0.03693,-0.03495,-0.00198,0.02544,
2026-09-14 12:59:35,A2C,3,100,10,self,10,10,-53.00894,-53.01273,0.00379,0.02127,
2026-09-14 12:59:35,A2C,3,100,11,self,11,11,-0.13264,-0.12869,-0.00396,0.02311,
2026-09-14 12:59:35,A2C,3,100,12,self,12,12,-0.03028,-0.03401,0.00373,0.02331,
2026-09-14 12:59:35,A2C,3,100,13,self,13,13,-53.01316,-53.01273,-0.00042,0.02225,
2026-09-14 12:59:35,A2C,3,100,14,self,14,14,-0.34482,-0.34767,0.00285,0.02195,
2026-09-14 12:59:35,A2C,3,100,15,self,15,15,-0.03085,-0.03401,0.00317,0.02381,
2026-09-14 12:59:35,A2C,3,100,16,self,16,16,-0.13058,-0.12869,-0.00190,0.02487,
2026-09-14 12:59:35,A2C,3,100,17,self,17,17,-0.01231,-0.01602,0.00371,0.02628,
2026-09-14 12:59:35,A2C,3,100,18,self,18,18,-48.93980,-48.93954,-0.00026,0.02351,
2026-09-14 12:59:35,A2C,3,100,19,edge,0,1,-0.04589,-0.04579,-0.00010,0.00044,
2026-09-14 12:59:35,A2C,3,100,20,edge,0,3,-0.03749,-0.03739,-0.00010,0.00036,
2026-09-14 12:59:35,A2C,3,100,21,edge,0,4,2.38699,2.38699,0.00001,0.00046,
2026-09-14 12:59:35,A2C,3,100,22,edge,1,2,0.94279,0.94277,0.00002,0.00036,
2026-09-14 12:59:35,A2C,3,100,23,edge,1,4,0.55715,0.55714,0.00001,0.00034,
2026-09-14 12:59:35,A2C,3,100,24,edge,1,5,-0.10359,-0.10366,0.00007,0.00041,
2026-09-14 12:59:35,A2C,3,100,25,edge,2,5,2.28718,2.28708,0.00009,0.00049,
2026-09-14 12:59:35,A2C,3,100,26,edge,2,6,0.23081,0.23083,-0.00002,0.00035,
2026-09-14 12:59:35,A2C,3,100,27,edge,3,4,0.56603,0.56613,-0.00011,0.00043,
2026-09-14 12:59:35,A2C,3,100,28,edge,3,7,0.23078,0.23083,-0.00005,0.00036,
2026-09-14 12:59:35,A2C,3,100,29,edge,3,8,-0.06892,-0.06882,-0.00010,0.00037,
2026-09-14 12:59:35,A2C,3,100,30,edge,4,5,2.33692,2.33682,0.00009,0.00048,
2026-09-14 12:59:35,A2C,3,100,31,edge,4,8,2.33387,2.33398,-0.00012,0.00049,
2026-09-14 12:59:35,A2C,3,100,32,edge,4,9,0.55334,0.55340,-0.00006,0.00038,
2026-09-14 12:59:35,A2C,3,100,33,edge,5,6,-0.06889,-0.06882,-0.00007,0.00039,
2026-09-14 12:59:35,A2C,3,100,34,edge,5,9,-0.09104,-0.09096,-0.00008,0.00034,
2026-09-14 12:59:35,A2C,3,100,35,edge,5,10,2.33391,2.33398,-0.00007,0.00048,
2026-09-14 12:59:35,A2C,3,100,36,edge,6,10,0.56607,0.56613,-0.00007,0.00039,
2026-09-14 12:59:35,A2C,3,100,37,edge,6,11,-0.03741,-0.03739,-0.00001,0.00043,
2026-09-14 12:59:35,A2C,3,100,38,edge,7,8,2.28705,2.28708,-0.00003,0.00038,
2026-09-14 12:59:35,A2C,3,100,39,edge,7,12,0.94276,0.94277,-0.00001,0.00044,
2026-09-14 12:59:35,A2C,3,100,40,edge,8,9,-0.09103,-0.09096,-0.00008,0.00039,
2026-09-14 12:59:35,A2C,3,100,41,edge,8,12,-0.10371,-0.10366,-0.00005,0.00038,
2026-09-14 12:59:35,A2C,3,100,42,edge,8,13,2.33678,2.33682,-0.00005,0.00047,
2026-09-14 12:59:35,A2C,3,100,43,edge,9,10,0.55343,0.55340,0.00003,0.00039,
2026-09-14 12:59:35,A2C,3,100,44,edge,9,13,0.55333,0.55340,-0.00007,0.00037,
2026-09-14 12:59:35,A2C,3,100,45,edge,9,14,-0.09104,-0.09096,-0.00008,0.00040,
2026-09-14 12:59:35,A2C,3,100,46,edge,10,11,2.38695,2.38699,-0.00003,0.00043,
2026-09-14 12:59:35,A2C,3,100,47,edge,10,14,2.33675,2.33682,-0.00008,0.00045,
2026-09-14 12:59:35,A2C,3,100,48,edge,10,15,0.55704,0.55714,-0.00009,0.00043,
2026-09-14 12:59:35,A2C,3,100,49,edge,11,15,-0.04592,-0.04579,-0.00012,0.00041,
2026-09-14 12:59:35,A2C,3,100,50,edge,12,13,0.55700,0.55714,-0.00014,0.00040,
2026-09-14 12:59:35,A2C,3,100,51,edge,12,16,-0.04581,-0.04579,-0.00002,0.00038,
2026-09-14 12:59:35,A2C,3,100,52,edge,13,14,2.33381,2.33398,-0.00017,0.00044,
2026-09-14 12:59:35,A2C,3,100,53,edge,13,16,2.38697,2.38699,-0.00002,0.00049,
2026-09-14 12:59:35,A2C,3,100,54,edge,13,17,0.56598,0.56613,-0.00016,0.00039,
2026-09-14 12:59:35,A2C,3,100,55,edge,14,15,-0.10367,-0.10366,-0.00001,0.00035,
2026-09-14 12:59:35,A2C,3,100,56,edge,14,17,-0.06896,-0.06882,-0.00014,0.00041,
2026-09-14 12:59:35,A2C,3,100,57,edge,14,18,2.28707,2.28708,-0.00001,0.00042,
2026-09-14 12:59:35,A2C,3,100,58,edge,15,18,0.94277,0.94277,0.00000,0.00037,
2026-09-14 12:59:35,A2C,3,100,59,edge,16,17,-0.03748,-0.03739,-0.00009,0.00034,
2026-09-14 12:59:35,A2C,3,100,60,edge,17,18,0.23080,0.23083,-0.00002,0.00038,
2026-09-14 12:59:38,A2C,4,100,0,self,0,0,-48.93927,-48.93954,0.00027,0.02275,
2026-09-14 12:59:38,A2C,4,100,1,self,1,1,-0.01677,-0.01602,-0.00075,0.02293,
2026-09-14 12:59:38,A2C,4,100,2,self,2,2,-0.12732,-0.12869,0.00136,0.02215,
2026-09-14 12:59:38,A2C,4,100,3,self,3,3,-0.03264,-0.03401,0.00137,0.02400,
2026-09-14 12:59:38,A2C,4,100,4,self,4,4,-0.34669,-0.34767,0.00098,0.02521,
2026-09-14 12:59:38,A2C,4,100,5,self,5,5,-53.01476,-53.01273,-0.00203,0.02516,
2026-09-14 12:59:38,A2C,4,100,6,self,6,6,-0.03458,-0.03401,-0.00057,0.02509,
2026-09-14 12:59:38,A2C,4,100,7,self,7,7,-0.13348,-0.12869,-0.00479,0.02150,
2026-09-14 12:59:38,A2C,4,100,8,self,8,8,-53.00892,-53.01273,0.00381,0.02446,
2026-09-14 12:59:38,A2C,4,100,9,self,9,9,-0.03827,-0.03495,-0.00332,0.02298,
2026-09-14 12:59:38,A2C,4,100,10,self,10,10,-0.34830,-0.34767,-0.00063,0.02581,
2026-09-14 12:59:38,A2C,4,100,11,self,11,11,-48.94040,-48.93954,-0.00086,0.02297,
2026-09-14 12:59:38,A2C,4,100,12,self,12,12,-0.01435,-0.01602,0.00167,0.02224,
2026-09-14 12:59:38,A2C,4,100,13,self,13,13,-0.34641,-0.34767,0.00126,0.02285,
2026-09-14 12:59:38,A2C,4,100,14,self,14,14,-53.01145,-53.01273,0.00128,0.02468,
2026-09-14 12:59:38,A2C,4,100,15,self,15,15,-0.01102,-0.01602,0.00500,0.02268,
2026-09-14 12:59:38,A2C,4,100,16,self,16,16,-48.94244,-48.93954,-0.00290,0.02382,
2026-09-14 12:59:38,A2C,4,100,17,self,17,17,-0.02910,-0.03401,0.00492,0.02310,
2026-09-14 12:59:38,A2C,4,100,18,self,18,18,-0.12891,-0.12869,-0.00022,0.02336,
2026-09-14 12:59:38,A2C,4,100,19,edge,0,1,0.23073,0.23083,-0.00010,0.00040,
2026-09-14 12:59:38,A2C,4,100,20,edge,0,3,0.94262,0.94277,-0.00014,0.00045,
2026-09-14 12:59:38,A2C,4,100,21,edge,0,4,2.28699,2.28708,-0.00009,0.00038,
2026-09-14 12:59:38,A2C,4,100,22,edge,1,2,-0.03735,-0.03739,0.00005,0.00040,
2026-09-14 12:59:38,A2C,4,100,23,edge,1,4,-0.06876,-0.06882,0.00006,0.00040,
2026-09-14 12:59:38,A2C,4,100,24,edge,1,5,0.56615,0.56613,0.00001,0.00042,
2026-09-14 12:59:38,A2C,4,100,25,edge,2,5,2.38707,2.38699,0.00008,0.00051,
2026-09-14 12:59:38,A2C,4,100,26,edge,2,6,-0.04579,-0.04579,-0.00000,0.00041,
2026-09-14 12:59:38,A2C,4,100,27,edge,3,4,-0.10376,-0.10366,-0.00010,0.00035,
2026-09-14 12:59:38,A2C,4,100,28,edge,3,7,-0.04582,-0.04579,-0.00002,0.00038,
2026-09-14 12:59:38,A2C,4,100,29,edge,3,8,0.55708,0.55714,-0.00006,0.00034,
2026-09-14 12:59:38,A2C,4,100,30,edge,4,5,2.33392,2.33398,-0.00006,0.00042,
2026-09-14 12:59:38,A2C,4,100,31,edge,4,8,2.33668,2.33682,-0.00014,0.00049,
2026-09-14 12:59:38,A2C,4,100,32,edge,4,9,-0.09102,-0.09096,-0.00006,0.00041,
2026-09-14 12:59:38,A2C,4,100,33,edge,5,6,0.55710,0.55714,-0.00003,0.00040,
2026-09-14 12:59:38,A2C,4,100,34,edge,5,9,0.55331,0.55340,-0.00010,0.00036,
2026-09-14 12:59:38,A2C,4,100,35,edge,5,10,2.33677,2.33682,-0.00005,0.00040,
2026-09-14 12:59:38,A2C,4,100,36,edge,6,10,-0.10383,-0.10366,-0.00016,0.00040,
2026-09-14 12:59:38,A2C,4,100,37,edge,6,11,0.94272,0.94277,-0.00005,0.00038,
2026-09-14 12:59:38,A2C,4,100,38,edge,7,8,2.38704,2.38699,0.00006,0.00050,
2026-09-14 12:59:38,A2C,4,100,39,edge,7,12,-0.03728,-0.03739,0.00011,0.00039,
2026-09-14 12:59:38,A2C,4,100,40,edge,8,9,0.55328,0.55340,-0.00013,0.00037,
2026-09-14 12:59:38,A2C,4,100,41,edge,8,12,0.56609,0.56613,-0.00005,0.00037,
2026-09-14 12:59:38,A2C,4,100,42,edge,8,13,2.33396,2.33398,-0.00002,0.00046,
2026-09-14 12:59:38,A2C,4,100,43,edge,9,10,-0.09091,-0.09096,0.00005,0.00035,
2026-09-14 12:59:38,A2C,4,100,44,edge,9,13,-0.09097,-0.09096,-0.00002,0.00043,
2026-09-14 12:59:38,A2C,4,100,45,edge,9,14,0.55333,0.55340,-0.00008,0.00038,
2026-09-14 12:59:38,A2C,4,100,46,edge,10,11,2.28708,2.28708,-0.00000,0.00046,
2026-09-14 12:59:38,A2C,4,100,47,edge,10,14,2.33390,2.33398,-0.00008,0.00046,
2026-09-14 12:59:38,A2C,4,100,48,edge,10,15,-0.06884,-0.06882,-0.00002,0.00037,
2026-09-14 12:59:38,A2C,4,100,49,edge,11,15,0.23077,0.23083,-0.00006,0.00040,
2026-09-14 12:59:38,A2C,4,100,50,edge,12,13,-0.06888,-0.06882,-0.00005,0.00037,
2026-09-14 12:59:38,A2C,4,100,51,edge,12,16,0.23073,0.23083,-0.00010,0.00040,
2026-09-14 12:59:38,A2C,4,100,52,edge,13,14,2.33670,2.33682,-0.00013,0.00040,
2026-09-14 12:59:38,A2C,4,100,53,edge,13,16,2.28697,2.28708,-0.00011,0.00046,
2026-09-14 12:59:38,A2C,4,100,54,edge,13,17,-0.10383,-0.10366,-0.00016,0.00039,
2026-09-14 12:59:38,A2C,4,100,55,edge,14,15,0.56606,0.56613,-0.00008,0.00039,
2026-09-14 12:59:38,A2C,4,100,56,edge,14,17,0.55712,0.55714,-0.00002,0.00040,
2026-09-14 12:59:38,A2C,4,100,57,edge,14,18,2.38702,2.38699,0.00004,0.00047,
2026-09-14 12:59:38,A2C,4,100,58,edge,15,18,-0.03735,-0.03739,0.00005,0.00040,
2026-09-14 12:59:38,A2C,4,100,59,edge,16,17,0.94277,0.94277,-0.00000,0.00042,
2026-09-14 12:59:38,A2C,4,100,60,edge,17,18,-0.04583,-0.04579,-0.00004,0.00038,
2026-09-14 12:59:41,A2C,5,100,0,self,0,0,-0.12906,-0.12869,-0.00037,0.02359,
2026-09-14 12:59:41,A2C,5,100,1,self,1,1,-0.03062,-0.03401,0.00339,0.02271,
2026-09-14 12:59:41,A2C,5,100,2,self,2,2,-48.93502,-48.93954,0.00452,0.02565,
2026-09-14 12:59:41,A2C,5,100,3,self,3,3,-0.01739,-0.01602,-0.00137,0.02192,
2026-09-14 12:59:41,A2C,5,100,4,self,4,4,-53.00863,-53.01273,0.00410,0.02074,
2026-09-14 12:59:41,A2C,5,100,5,self,5,5,-0.34893,-0.34767,-0.00126,0.02179,
2026-09-14 12:59:41,A2C,5,100,6,self,6,6,-0.01826,-0.01602,-0.00224,0.02502,
2026-09-14 12:59:41,A2C,5,100,7,self,7,7,-48.94295,-48.93954,-0.00341,0.02091,
2026-09-14 12:59:41,A2C,5,100,8,self,8,8,-0.33994,-0.34767,0.00772,0.02188,
2026-09-14 12:59:41,A2C,5,100,9,self,9,9,-0.03973,-0.03495,-0.00477,0.02216,
2026-09-14 12:59:41,A2C,5,100,10,self,10,10,-53.00698,-53.01273,0.00575,0.02030,
2026-09-14 12:59:41,A2C,5,100,11,self,11,11,-0.12569,-0.12869,0.00299,0.02368,
2026-09-14 12:59:41,A2C,5,100,12,self,12,12,-0.03267,-0.03401,0.00134,0.02518,
2026-09-14 12:59:41,A2C,5,100,13,self,13,13,-53.01501,-53.01273,-0.00228,0.02037,
2026-09-14 12:59:41,A2C,5,100,14,self,14,14,-0.34108,-0.34767,0.00659,0.02359,
2026-09-14 12:59:41,A2C,5,100,15,self,15,15,-0.02816,-0.03401,0.00585,0.02156,
2026-09-14 12:59:41,A2C,5,100,16,self,16,16,-0.12904,-0.12869,-0.00035,0.02080,
2026-09-14 12:59:41,A2C,5,100,17,self,17,17,-0.01532,-0.01602,0.00070,0.02582,
2026-09-14 12:59:41,A2C,5,100,18,self,18,18,-48.93794,-48.93954,0.00160,0.02352,
2026-09-14 12:59:41,A2C,5,100,19,edge,0,1,-0.04584,-0.04579,-0.00005,0.00045,
2026-09-14 12:59:41,A2C,5,100,20,edge,0,3,-0.03748,-0.03739,-0.00009,0.00038,
2026-09-14 12:59:41,A2C,5,100,21,edge,0,4,2.38696,2.38699,-0.00003,0.00040,
2026-09-14 12:59:41,A2C,5,100,22,edge,1,2,0.94281,0.94277,0.00004,0.00037,
2026-09-14 12:59:41,A2C,5,100,23,edge,1,4,0.55711,0.55714,-0.00002,0.00038,
2026-09-14 12:59:41,A2C,5,100,24,edge,1,5,-0.10366,-0.10366,-0.00000,0.00041,
2026-09-14 12:59:41,A2C,5,100,25,edge,2,5,2.28718,2.28708,0.00010,0.00047,
2026-09-14 12:59:41,A2C,5,100,26,edge,2,6,0.23077,0.23083,-0.00005,0.00038,
2026-09-14 12:59:41,A2C,5,100,27,edge,3,4,0.56604,0.56613,-0.00009,0.00040,
2026-09-14 12:59:41,A2C,5,100,28,edge,3,7,0.23076,0.23083,-0.00007,0.00042,
2026-09-14 12:59:41,A2C,5,100,29,edge,3,8,-0.06890,-0.06882,-0.00008,0.00037,
2026-09-14 12:59:41,A2C,5,100,30,edge,4,5,2.33680,2.33682,-0.00002,0.00048,
2026-09-14 12:59:41,A2C,5,100,31,edge,4,8,2.33395,2.33398,-0.00003,0.00049,
2026-09-14 12:59:41,A2C,5,100,32,edge,4,9,0.55329,0.55340,-0.00011,0.00039,
2026-09-14 12:59:41,A2C,5,100,33,edge,5,6,-0.06883,-0.06882,-0.00001,0.00038,
2026-09-14 12:59:41,A2C,5,100,34,edge,5,9,-0.09098,-0.09096,-0.00002,0.00041,
2026-09-14 12:59:41,A2C,5,100,35,edge,5,10,2.33395,2.33398,-0.00003,0.00049,
2026-09-14 12:59:41,A2C,5,100,36,edge,6,10,0.56598,0.56613,-0.00015,0.00040,
2026-09-14 12:59:41,A2C,5,100,37,edge,6,11,-0.03740,-0.03739,-0.00000,0.00037,
2026-09-14 12:59:41,A2C,5,100,38,edge,7,8,2.28701,2.28708,-0.00007,0.00050,
2026-09-14 12:59:41,A2C,5,100,39,edge,7,12,0.94271,0.94277,-0.00006,0.00039,
2026-09-14 12:59:41,A2C,5,100,40,edge,8,9,-0.09103,-0.09096,-0.00007,0.00039,
2026-09-14 12:59:41,A2C,5,100,41,edge,8,12,-0.10371,-0.10366,-0.00005,0.00039,
2026-09-14 12:59:41,A2C,5,100,42,edge,8,13,2.33682,2.33682,-0.00001,0.00042,
2026-09-14 12:59:41,A2C,5,100,43,edge,9,10,0.55333,0.55340,-0.00007,0.00039,
2026-09-14 12:59:41,A2C,5,100,44,edge,9,13,0.55334,0.55340,-0.00006,0.00042,
2026-09-14 12:59:41,A2C,5,100,45,edge,9,14,-0.09099,-0.09096,-0.00003,0.00045,
2026-09-14 12:59:41,A2C,5,100,46,edge,10,11,2.38703,2.38699,0.00004,0.00041,
2026-09-14 12:59:41,A2C,5,100,47,edge,10,14,2.33667,2.33682,-0.00015,0.00042,
2026-09-14 12:59:41,A2C,5,100,48,edge,10,15,0.55711,0.55714,-0.00002,0.00037,
2026-09-14 12:59:41,A2C,5,100,49,edge,11,15,-0.04581,-0.04579,-0.00001,0.00041,
2026-09-14 12:59:41,A2C,5,100,50,edge,12,13,0.55711,0.55714,-0.00002,0.00035,
2026-09-14 12:59:41,A2C,5,100,51,edge,12,16,-0.04584,-0.04579,-0.00005,0.00041,
2026-09-14 12:59:41,A2C,5,100,52,edge,13,14,2.33373,2.33398,-0.00025,0.00044,
2026-09-14 12:59:41,A2C,5,100,53,edge,13,16,2.38692,2.38699,-0.00006,0.00047,
2026-09-14 12:59:41,A2C,5,100,54,edge,13,17,0.56598,0.56613,-0.00016,0.00039,
2026-09-14 12:59:41,A2C,5,100,55,edge,14,15,-0.10372,-0.10366,-0.00005,0.00044,
2026-09-14 12:59:41,A2C,5,100,56,edge,14,17,-0.06887,-0.06882,-0.00005,0.00040,
2026-09-14 12:59:41,A2C,5,100,57,edge,14,18,2.28705,2.28708,-0.00004,0.00043,
2026-09-14 12:59:41,A2C,5,100,58,edge,15,18,0.94278,0.94277,0.00001,0.00043,
2026-09-14 12:59:41,A2C,5,100,59,edge,16,17,-0.03742,-0.03739,-0.00003,0.00039,
2026-09-14 12:59:41,A2C,5,100,60,edge,17,18,0.23081,0.23083,-0.00001,0.00040,
2026-09-14 12:59:44,D,0,100,0,self,0,0,-52.99029,-52.98663,-0.00366,0.02116,
2026-09-14 12:59:44,D,0,100,1,self,1,1,-19.65978,-19.65774,-0.00203,0.02162,
2026-09-14 12:59:44,D,0,100,2,self,2,2,-0.24239,-0.24139,-0.00100,0.02452,
2026-09-14 12:59:44,D,0,100,3,self,3,3,-0.06782,-0.06778,-0.00004,0.02315,
2026-09-14 12:59:44,D,0,100,4,self,4,4,-0.26605,-0.26830,0.00225,0.02373,
2026-09-14 12:59:44,D,0,100,5,self,5,5,-0.26528,-0.26882,0.00354,0.02407,
2026-09-14 12:59:44,D,0,100,6,self,6,6,-19.66648,-19.65752,-0.00896,0.02619,
2026-09-14 12:59:44,D,0,100,7,self,7,7,-96.49989,-96.49697,-0.00291,0.02540,
2026-09-14 12:59:44,D,0,100,8,self,8,8,-0.32062,-0.32307,0.00244,0.02467,
2026-09-14 12:59:44,D,0,100,9,self,9,9,-0.06986,-0.06592,-0.00394,0.02504,
2026-09-14 12:59:44,D,0,100,10,self,10,10,-0.25969,-0.26107,0.00139,0.02303,
2026-09-14 12:59:44,D,0,100,11,self,11,11,-52.98673,-52.98444,-0.00228,0.02074,
2026-09-14 12:59:44,D,0,100,12,self,12,12,-7.50894,-7.50944,0.00050,0.02438,
2026-09-14 12:59:44,D,0,100,13,self,13,13,-0.32444,-0.32311,-0.00133,0.02196,
2026-09-14 12:59:44,D,0,100,14,self,14,14,-0.31750,-0.31999,0.00249,0.02296,
2026-09-14 12:59:44,D,0,100,15,self,15,15,-0.03402,-0.03881,0.00479,0.02762,
2026-09-14 12:59:44,D,0,100,16,self,16,16,-0.29938,-0.29877,-0.00061,0.02281,
2026-09-14 12:59:44,D,0,100,17,self,17,17,-33.71117,-33.71457,0.00341,0.02497,
2026-09-14 12:59:44,D,0,100,18,self,18,18,-18.34069,-18.34078,0.00009,0.01955,
2026-09-14 12:59:44,D,0,100,19,edge,0,1,0.76389,0.76410,-0.00021,0.00035,
2026-09-14 12:59:44,D,0,100,20,edge,0,3,0.56074,0.56082,-0.00008,0.00034,
2026-09-14 12:59:44,D,0,100,21,edge,0,4,2.38063,2.38073,-0.00010,0.00047,
2026-09-14 12:59:44,D,0,100,22,edge,1,2,1.44668,1.44661,0.00007,0.00038,
2026-09-14 12:59:44,D,0,100,23,edge,1,4,1.48560,1.48562,-0.00002,0.00038,
2026-09-14 12:59:44,D,0,100,24,edge,1,5,1.44713,1.44712,0.00000,0.00039,
2026-09-14 12:59:44,D,0,100,25,edge,2,5,-0.25019,-0.25019,0.00001,0.00043,
2026-09-14 12:59:44,D,0,100,26,edge,2,6,1.44656,1.44661,-0.00005,0.00038,
2026-09-14 12:59:44,D,0,100,27,edge,3,4,-0.10341,-0.10329,-0.00012,0.00037,
2026-09-14 12:59:44,D,0,100,28,edge,3,7,2.01148,2.01153,-0.00005,0.00034,
2026-09-14 12:59:44,D,0,100,29,edge,3,8,-0.13854,-0.13846,-0.00008,0.00039,
2026-09-14 12:59:44,D,0,100,30,edge,4,5,-0.20790,-0.20778,-0.00012,0.00048,
2026-09-14 12:59:44,D,0,100,31,edge,4,8,-0.16827,-0.16824,-0.00003,0.00047,
2026-09-14 12:59:44,D,0,100,32,edge,4,9,-0.09990,-0.09992,0.00003,0.00041,
2026-09-14 12:59:44,D,0,100,33,edge,5,6,1.44724,1.44728,-0.00004,0.00036,
2026-09-14 12:59:44,D,0,100,34,edge,5,9,-0.10656,-0.10653,-0.00002,0.00034,
2026-09-14 12:59:44,D,0,100,35,edge,5,10,-0.20661,-0.20657,-0.00004,0.00053,
2026-09-14 12:59:44,D,0,100,36,edge,6,10,1.48673,1.48690,-0.00017,0.00038,
2026-09-14 12:59:44,D,0,100,37,edge,6,11,0.76485,0.76486,-0.00001,0.00037,
2026-09-14 12:59:44,D,0,100,38,edge,7,8,5.17376,5.17379,-0.00003,0.00041,
2026-09-14 12:59:44,D,0,100,39,edge,7,12,1.63597,1.63604,-0.00007,0.00039,
2026-09-14 12:59:44,D,0,100,40,edge,8,9,-0.09025,-0.09019,-0.00005,0.00039,
2026-09-14 12:59:44,D,0,100,41,edge,8,12,0.07815,0.07825,-0.00010,0.00037,
2026-09-14 12:59:44,D,0,100,42,edge,8,13,-0.14775,-0.14775,-0.00000,0.00046,
2026-09-14 12:59:44,D,0,100,43,edge,9,10,-0.09834,-0.09843,0.00009,0.00040,
2026-09-14 12:59:44,D,0,100,44,edge,9,13,-0.10257,-0.10269,0.00012,0.00041,
2026-09-14 12:59:44,D,0,100,45,edge,9,14,-0.10393,-0.10398,0.00005,0.00038,
2026-09-14 12:59:44,D,0,100,46,edge,10,11,2.38471,2.38480,-0.00009,0.00042,
2026-09-14 12:59:44,D,0,100,47,edge,10,14,-0.14301,-0.14294,-0.00007,0.00044,
2026-09-14 12:59:44,D,0,100,48,edge,10,15,-0.07100,-0.07092,-0.00007,0.00038,
2026-09-14 12:59:44,D,0,100,49,edge,11,15,0.57777,0.57782,-0.00005,0.00041,
2026-09-14 12:59:44,D,0,100,50,edge,12,13,0.09103,0.09109,-0.00006,0.00041,
2026-09-14 12:59:44,D,0,100,51,edge,12,16,0.10175,0.10174,0.00001,0.00037,
2026-09-14 12:59:44,D,0,100,52,edge,13,14,-0.31017,-0.30992,-0.00025,0.00049,
2026-09-14 12:59:44,D,0,100,53,edge,13,16,-0.30599,-0.30601,0.00002,0.00046,
2026-09-14 12:59:44,D,0,100,54,edge,13,17,3.07002,3.07015,-0.00014,0.00033,
2026-09-14 12:59:44,D,0,100,55,edge,14,15,-0.08147,-0.08140,-0.00006,0.00039,
2026-09-14 12:59:44,D,0,100,56,edge,14,17,3.06181,3.06191,-0.00010,0.00033,
2026-09-14 12:59:44,D,0,100,57,edge,14,18,0.02410,0.02410,-0.00000,0.00045,
2026-09-14 12:59:44,D,0,100,58,edge,15,18,-0.37962,-0.37953,-0.00009,0.00036,
2026-09-14 12:59:44,D,0,100,59,edge,16,17,3.06839,3.06842,-0.00003,0.00038,
2026-09-14 12:59:44,D,0,100,60,edge,17,18,2.23867,2.23872,-0.00005,0.00038,
2026-09-14 12:59:47,D,1,100,0,self,0,0,-0.23903,-0.24139,0.00236,0.02357,
2026-09-14 12:59:47,D,1,100,1,self,1,1,-19.66096,-19.65752,-0.00344,0.02128,
2026-09-14 12:59:47,D,1,100,2,self,2,2,-52.98320,-52.98444,0.00124,0.02333,
2026-09-14 12:59:47,D,1,100,3,self,3,3,-19.66359,-19.65774,-0.00585,0.02312,
2026-09-14 12:59:47,D,1,100,4,self,4,4,-0.26434,-0.26882,0.00448,0.02542,
2026-09-14 12:59:47,D,1,100,5,self,5,5,-0.25951,-0.26107,0.00157,0.02405,
2026-09-14 12:59:47,D,1,100,6,self,6,6,-0.04092,-0.03881,-0.00211,0.02622,
2026-09-14 12:59:47,D,1,100,7,self,7,7,-52.99318,-52.98663,-0.00656,0.02347,
2026-09-14 12:59:47,D,1,100,8,self,8,8,-0.26835,-0.26830,-0.00005,0.02365,
2026-09-14 12:59:47,D,1,100,9,self,9,9,-0.06196,-0.06592,0.00396,0.02218,
2026-09-14 12:59:47,D,1,100,10,self,10,10,-0.31633,-0.31999,0.00366,0.02122,
2026-09-14 12:59:47,D,1,100,11,self,11,11,-18.33840,-18.34078,0.00238,0.02409,
2026-09-14 12:59:47,D,1,100,12,self,12,12,-0.06608,-0.06778,0.00170,0.02384,
2026-09-14 12:59:47,D,1,100,13,self,13,13,-0.32100,-0.32307,0.00206,0.02483,
2026-09-14 12:59:47,D,1,100,14,self,14,14,-0.31807,-0.32311,0.00503,0.02348,
2026-09-14 12:59:47,D,1,100,15,self,15,15,-33.71033,-33.71457,0.00425,0.02313,
2026-09-14 12:59:47,D,1,100,16,self,16,16,-96.50235,-96.49697,-0.00537,0.02354,
2026-09-14 12:59:47,D,1,100,17,self,17,17,-7.50817,-7.50944,0.00127,0.02231,
2026-09-14 12:59:47,D,1,100,18,self,18,18,-0.29830,-0.29877,0.00048,0.02571,
2026-09-14 12:59:47,D,1,100,19,edge,0,1,1.44658,1.44661,-0.00003,0.00039,
2026-09-14 12:59:47,D,1,100,20,edge,0,3,1.44648,1.44661,-0.00012,0.00036,
2026-09-14 12:59:47,D,1,100,21,edge,0,4,-0.25019,-0.25019,0.00000,0.00049,
2026-09-14 12:59:47,D,1,100,22,edge,1,2,0.76484,0.76486,-0.00002,0.00038,
2026-09-14 12:59:47,D,1,100,23,edge,1,4,1.44730,1.44728,0.00002,0.00039,
2026-09-14 12:59:47,D,1,100,24,edge,1,5,1.48698,1.48690,0.00008,0.00034,
2026-09-14 12:59:47,D,1,100,25,edge,2,5,2.38482,2.38480,0.00002,0.00044,
2026-09-14 12:59:47,D,1,100,26,edge,2,6,0.57783,0.57782,0.00001,0.00035,
2026-09-14 12:59:47,D,1,100,27,edge,3,4,1.44708,1.44712,-0.00005,0.00037,
2026-09-14 12:59:47,D,1,100,28,edge,3,7,0.76407,0.76410,-0.00003,0.00035,
2026-09-14 12:59:47,D,1,100,29,edge,3,8,1.48546,1.48562,-0.00016,0.00035,
2026-09-14 12:59:47,D,1,100,30,edge,4,5,-0.20653,-0.20657,0.00004,0.00049,
2026-09-14 12:59:47,D,1,100,31,edge,4,8,-0.20787,-0.20778,-0.00008,0.00048,
2026-09-14 12:59:47,D,1,100,32,edge,4,9,-0.10652,-0.10653,0.00001,0.00039,
2026-09-14 12:59:47,D,1,100,33,edge,5,6,-0.07092,-0.07092,0.00001,0.00039,
2026-09-14 12:59:47,D,1,100,34,edge,5,9,-0.09836,-0.09843,0.00006,0.00038,
2026-09-14 12:59:47,D,1,100,35,edge,5,10,-0.14294,-0.14294,0.00000,0.00047,
2026-09-14 12:59:47,D,1,100,36,edge,6,10,-0.08143,-0.08140,-0.00003,0.00037,
2026-09-14 12:59:47,D,1,100,37,edge,6,11,-0.37952,-0.37953,0.00001,0.00040,
2026-09-14 12:59:47,D,1,100,38,edge,7,8,2.38073,2.38073,0.00001,0.00038,
2026-09-14 12:59:47,D,1,100,39,edge,7,12,0.56079,0.56082,-0.00003,0.00040,
2026-09-14 12:59:47,D,1,100,40,edge,8,9,-0.09994,-0.09992,-0.00002,0.00041,
2026-09-14 12:59:47,D,1,100,41,edge,8,12,-0.10326,-0.10329,0.00003,0.00040,
2026-09-14 12:59:47,D,1,100,42,edge,8,13,-0.16824,-0.16824,0.00000,0.00042,
2026-09-14 12:59:47,D,1,100,43,edge,9,10,-0.10388,-0.10398,0.00010,0.00046,
2026-09-14 12:59:47,D,1,100,44,edge,9,13,-0.09015,-0.09019,0.00004,0.00040,
2026-09-14 12:59:47,D,1,100,45,edge,9,14,-0.10265,-0.10269,0.00004,0.00039,
2026-09-14 12:59:47,D,1,100,46,edge,10,11,0.02408,0.02410,-0.00002,0.00041,
2026-09-14 12:59:47,D,1,100,47,edge,10,14,-0.30995,-0.30992,-0.00003,0.00043,
2026-09-14 12:59:47,D,1,100,48,edge,10,15,3.06173,3.06191,-0.00018,0.00042,
2026-09-14 12:59:47,D,1,100,49,edge,11,15,2.23864,2.23872,-0.00009,0.00038,
2026-09-14 12:59:47,D,1,100,50,edge,12,13,-0.13860,-0.13846,-0.00014,0.00037,
2026-09-14 12:59:47,D,1,100,51,edge,12,16,2.01142,2.01153,-0.00011,0.00039,
2026-09-14 12:59:47,D,1,100,52,edge,13,14,-0.14792,-0.14775,-0.00017,0.00049,
2026-09-14 12:59:47,D,1,100,53,edge,13,16,5.17365,5.17379,-0.00013,0.00047,
2026-09-14 12:59:47,D,1,100,54,edge,13,17,0.07814,0.07825,-0.00010,0.00038,
2026-09-14 12:59:47,D,1,100,55,edge,14,15,3.07003,3.07015,-0.00012,0.00037,
2026-09-14 12:59:47,D,1,100,56,edge,14,17,0.09105,0.09109,-0.00004,0.00038,
2026-09-14 12:59:47,D,1,100,57,edge,14,18,-0.30599,-0.30601,0.00002,0.00050,
2026-09-14 12:59:47,D,1,100,58,edge,15,18,3.06842,3.06842,0.00000,0.00038,
2026-09-14 12:59:47,D,1,100,59,edge,16,17,1.63596,1.63604,-0.00008,0.00039,
2026-09-14 12:59:47,D,1,100,60,edge,17,18,0.10172,0.10174,-0.00001,0.00038,
2026-09-14 12:59:50,D,2,100,0,self,0,0,-52.98631,-52.98444,-0.00187,0.02474,
2026-09-14 12:59:50,D,2,100,1,self,1,1,-0.03916,-0.03881,-0.00035,0.02423,
2026-09-14 12:59:50,D,2,100,2,self,2,2,-18.34377,-18.34078,-0.00299,0.02415,
2026-09-14 12:59:50,D,2,100,3,self,3,3,-19.65704,-19.65752,0.00049,0.02188,
2026-09-14 12:59:50,D,2,100,4,self,4,4,-0.26022,-0.26107,0.00085,0.02232,
2026-09-14 12:59:50,D,2,100,5,self,5,5,-0.31879,-0.31999,0.00120,0.02324,
2026-09-14 12:59:50,D,2,100,6,self,6,6,-33.71860,-33.71457,-0.00403,0.02652,
2026-09-14 12:59:50,D,2,100,7,self,7,7,-0.24923,-0.24139,-0.00784,0.02404,
2026-09-14 12:59:50,D,2,100,8,self,8,8,-0.26592,-0.26882,0.00290,0.02586,
2026-09-14 12:59:50,D,2,100,9,self,9,9,-0.06671,-0.06592,-0.00078,0.02097,
2026-09-14 12:59:50,D,2,100,10,self,10,10,-0.31972,-0.32311,0.00339,0.02339,
2026-09-14 12:59:50,D,2,100,11,self,11,11,-0.29826,-0.29877,0.00052,0.02309,
2026-09-14 12:59:50,D,2,100,12,self,12,12,-19.65828,-19.65774,-0.00054,0.02350,
2026-09-14 12:59:50,D,2,100,13,self,13,13,-0.27344,-0.26830,-0.00514,0.02004,
2026-09-14 12:59:50,D,2,100,14,self,14,14,-0.31677,-0.32307,0.00630,0.02373,
2026-09-14 12:59:50,D,2,100,15,self,15,15,-7.50791,-7.50944,0.00153,0.02539,
2026-09-14 12:59:50,D,2,100,16,self,16,16,-52.99086,-52.98663,-0.00424,0.02476,
2026-09-14 12:59:50,D,2,100,17,self,17,17,-0.06287,-0.06778,0.00491,0.02477,
2026-09-14 12:59:50,D,2,100,18,self,18,18,-96.49077,-96.49697,0.00620,0.02394,
2026-09-14 12:59:50,D,2,100,19,edge,0,1,0.57774,0.57782,-0.00009,0.00039,
2026-09-14 12:59:50,D,2,100,20,edge,0,3,0.76473,0.76486,-0.00014,0.00037,
2026-09-14 12:59:50,D,2,100,21,edge,0,4,2.38474,2.38480,-0.00005,0.00049,
2026-09-14 12:59:50,D,2,100,22,edge,1,2,-0.37951,-0.37953,0.00001,0.00043,
2026-09-14 12:59:50,D,2,100,23,edge,1,4,-0.07087,-0.07092,0.00005,0.00034,
2026-09-14 12:59:50,D,2,100,24,edge,1,5,-0.08139,-0.08140,0.00001,0.00034,
2026-09-14 12:59:50,D,2,100,25,edge,2,5,0.02412,0.02410,0.00002,0.00048,
2026-09-14 12:59:50,D,2,100,26,edge,2,6,2.23872,2.23872,-0.00000,0.00034,
2026-09-14 12:59:50,D,2,100,27,edge,3,4,1.48685,1.48690,-0.00006,0.00036,
2026-09-14 12:59:50,D,2,100,28,edge,3,7,1.44662,1.44661,0.00001,0.00041,
2026-09-14 12:59:50,D,2,100,29,edge,3,8,1.44722,1.44728,-0.00006,0.00037,
2026-09-14 12:59:50,D,2,100,30,edge,4,5,-0.14292,-0.14294,0.00002,0.00048,
2026-09-14 12:59:50,D,2,100,31,edge,4,8,-0.20661,-0.20657,-0.00004,0.00042,
2026-09-14 12:59:50,D,2,100,32,edge,4,9,-0.09845,-0.09843,-0.00003,0.00041,
2026-09-14 12:59:50,D,2,100,33,edge,5,6,3.06176,3.06191,-0.00015,0.00034,
2026-09-14 12:59:50,D,2,100,34,edge,5,9,-0.10395,-0.10398,0.00003,0.00039,
2026-09-14 12:59:50,D,2,100,35,edge,5,10,-0.30998,-0.30992,-0.00006,0.00049,
2026-09-14 12:59:50,D,2,100,36,edge,6,10,3.07004,3.07015,-0.00012,0.00036,
2026-09-14 12:59:50,D,2,100,37,edge,6,11,3.06843,3.06842,0.00001,0.00034,
2026-09-14 12:59:50,D,2,100,38,edge,7,8,-0.25022,-0.25019,-0.00003,0.00049,
2026-09-14 12:59:50,D,2,100,39,edge,7,12,1.44659,1.44661,-0.00002,0.00036,
2026-09-14 12:59:50,D,2,100,40,edge,8,9,-0.10652,-0.10653,0.00001,0.00037,
2026-09-14 12:59:50,D,2,100,41,edge,8,12,1.44705,1.44712,-0.00007,0.00042,
2026-09-14 12:59:50,D,2,100,42,edge,8,13,-0.20771,-0.20778,0.00007,0.00051,
2026-09-14 12:59:50,D,2,100,43,edge,9,10,-0.10269,-0.10269,0.00000,0.00037,
2026-09-14 12:59:50,D,2,100,44,edge,9,13,-0.09996,-0.09992,-0.00004,0.00043,
2026-09-14 12:59:50,D,2,100,45,edge,9,14,-0.09017,-0.09019,0.00003,0.00040,
2026-09-14 12:59:50,D,2,100,46,edge,10,11,-0.30602,-0.30601,-0.00001,0.00049,
2026-09-14 12:59:50,D,2,100,47,edge,10,14,-0.14784,-0.14775,-0.00009,0.00048,
2026-09-14 12:59:50,D,2,100,48,edge,10,15,0.09107,0.09109,-0.00002,0.00043,
2026-09-14 12:59:50,D,2,100,49,edge,11,15,0.10174,0.10174,-0.00000,0.00038,
2026-09-14 12:59:50,D,2,100,50,edge,12,13,1.48552,1.48562,-0.00010,0.00044,
2026-09-14 12:59:50,D,2,100,51,edge,12,16,0.76403,0.76410,-0.00007,0.00038,
2026-09-14 12:59:50,D,2,100,52,edge,13,14,-0.16835,-0.16824,-0.00010,0.00051,
2026-09-14 12:59:50,D,2,100,53,edge,13,16,2.38067,2.38073,-0.00006,0.00050,
2026-09-14 12:59:50,D,2,100,54,edge,13,17,-0.10340,-0.10329,-0.00011,0.00045,
2026-09-14 12:59:50,D,2,100,55,edge,14,15,0.07808,0.07825,-0.00017,0.00034,
2026-09-14 12:59:50,D,2,100,56,edge,14,17,-0.13854,-0.13846,-0.00008,0.00040,
2026-09-14 12:59:50,D,2,100,57,edge,14,18,5.17370,5.17379,-0.00009,0.00043,
2026-09-14 12:59:50,D,2,100,58,edge,15,18,1.63599,1.63604,-0.00005,0.00036,
2026-09-14 12:59:50,D,2,100,59,edge,16,17,0.56075,0.56082,-0.00007,0.00043,
2026-09-14 12:59:50,D,2,100,60,edge,17,18,2.01148,2.01153,-0.00005,0.00038,
2026-09-14 12:59:54,D,3,100,0,self,0,0,-18.33749,-18.34078,0.00329,0.02280,
2026-09-14 12:59:54,D,3,100,1,self,1,1,-33.71253,-33.71457,0.00205,0.02442,
2026-09-14 12:59:54,D,3,100,2,self,2,2,-0.29838,-0.29877,0.00040,0.02268,
2026-09-14 12:59:54,D,3,100,3,self,3,3,-0.03684,-0.03881,0.00197,0.02282,
2026-09-14 12:59:54,D,3,100,4,self,4,4,-0.31665,-0.31999,0.00334,0.02451,
2026-09-14 12:59:54,D,3,100,5,self,5,5,-0.32199,-0.32311,0.00112,0.02378,
2026-09-14 12:59:54,D,3,100,6,self,6,6,-7.51455,-7.50944,-0.00511,0.02334,
2026-09-14 12:59:54,D,3,100,7,self,7,7,-52.98993,-52.98444,-0.00549,0.02097,
2026-09-14 12:59:54,D,3,100,8,self,8,8,-0.25838,-0.26107,0.00270,0.02500,
2026-09-14 12:59:54,D,3,100,9,self,9,9,-0.06613,-0.06592,-0.00021,0.02451,
2026-09-14 12:59:54,D,3,100,10,self,10,10,-0.32140,-0.32307,0.00167,0.02385,
2026-09-14 12:59:54,D,3,100,11,self,11,11,-96.50004,-96.49697,-0.00307,0.02509,
2026-09-14 12:59:54,D,3,100,12,self,12,12,-19.65331,-19.65752,0.00422,0.02390,
2026-09-14 12:59:54,D,3,100,13,self,13,13,-0.26871,-0.26882,0.00011,0.02259,
2026-09-14 12:59:54,D,3,100,14,self,14,14,-0.26734,-0.26830,0.00096,0.02394,
2026-09-14 12:59:54,D,3,100,15,self,15,15,-0.06615,-0.06778,0.00162,0.02334,
2026-09-14 12:59:54,D,3,100,16,self,16,16,-0.24470,-0.24139,-0.00331,0.02386,
2026-09-14 12:59:54,D,3,100,17,self,17,17,-19.65404,-19.65774,0.00370,0.02356,
2026-09-14 12:59:54,D,3,100,18,self,18,18,-52.98594,-52.98663,0.00069,0.02229,
2026-09-14 12:59:54,D,3,100,19,edge,0,1,2.23859,2.23872,-0.00013,0.00037,
2026-09-14 12:59:54,D,3,100,20,edge,0,3,-0.37963,-0.37953,-0.00010,0.00036,
2026-09-14 12:59:54,D,3,100,21,edge,0,4,0.02399,0.02410,-0.00011,0.00054,
2026-09-14 12:59:54,D,3,100,22,edge,1,2,3.06842,3.06842,-0.00000,0.00039,
2026-09-14 12:59:54,D,3,100,23,edge,1,4,3.06174,3.06191,-0.00017,0.00037,
2026-09-14 12:59:54,D,3,100,24,edge,1,5,3.07013,3.07015,-0.00003,0.00043,
2026-09-14 12:59:54,D,3,100,25,edge,2,5,-0.30598,-0.30601,0.00003,0.00047,
2026-09-14 12:59:54,D,3,100,26,edge,2,6,0.10177,0.10174,0.00003,0.00036,
2026-09-14 12:59:54,D,3,100,27,edge,3,4,-0.08146,-0.08140,-0.00006,0.00038,
2026-09-14 12:59:54,D,3,100,28,edge,3,7,0.57774,0.57782,-0.00008,0.00042,
2026-09-14 12:59:54,D,3,100,29,edge,3,8,-0.07097,-0.07092,-0.00005,0.00043,
2026-09-14 12:59:54,D,3,100,30,edge,4,5,-0.30986,-0.30992,0.00006,0.00047,
2026-09-14 12:59:54,D,3,100,31,edge,4,8,-0.14296,-0.14294,-0.00001,0.00044,
2026-09-14 12:59:54,D,3,100,32,edge,4,9,-0.10402,-0.10398,-0.00004,0.00044,
2026-09-14 12:59:54,D,3,100,33,edge,5,6,0.09103,0.09109,-0.00005,0.00039,
2026-09-14 12:59:54,D,3,100,34,edge,5,9,-0.10269,-0.10269,0.00000,0.00040,
2026-09-14 12:59:54,D,3,100,35,edge,5,10,-0.14779,-0.14775,-0.00004,0.00047,
2026-09-14 12:59:54,D,3,100,36,edge,6,10,0.07820,0.07825,-0.00005,0.00040,
2026-09-14 12:59:54,D,3,100,37,edge,6,11,1.63592,1.63604,-0.00012,0.00038,
2026-09-14 12:59:54,D,3,100,38,edge,7,8,2.38472,2.38480,-0.00007,0.00044,
2026-09-14 12:59:54,D,3,100,39,edge,7,12,0.76486,0.76486,0.00000,0.00039,
2026-09-14 12:59:54,D,3,100,40,edge,8,9,-0.09840,-0.09843,0.00002,0.00037,
2026-09-14 12:59:54,D,3,100,41,edge,8,12,1.48683,1.48690,-0.00007,0.00037,
2026-09-14 12:59:54,D,3,100,42,edge,8,13,-0.20648,-0.20657,0.00009,0.00044,
2026-09-14 12:59:54,D,3,100,43,edge,9,10,-0.09016,-0.09019,0.00004,0.00044,
2026-09-14 12:59:54,D,3,100,44,edge,9,13,-0.10653,-0.10653,0.00001,0.00039,
2026-09-14 12:59:54,D,3,100,45,edge,9,14,-0.09991,-0.09992,0.00002,0.00044,
2026-09-14 12:59:54,D,3,100,46,edge,10,11,5.17373,5.17379,-0.00005,0.00041,
2026-09-14 12:59:54,D,3,100,47,edge,10,14,-0.16829,-0.16824,-0.00005,0.00049,
2026-09-14 12:59:54,D,3,100,48,edge,10,15,-0.13856,-0.13846,-0.00010,0.00038,
2026-09-14 12:59:54,D,3,100,49,edge,11,15,2.01130,2.01153,-0.00023,0.00040,
2026-09-14 12:59:54,D,3,100,50,edge,12,13,1.44725,1.44728,-0.00003,0.00041,
2026-09-14 12:59:54,D,3,100,51,edge,12,16,1.44652,1.44661,-0.00009,0.00037,
2026-09-14 12:59:54,D,3,100,52,edge,13,14,-0.20794,-0.20778,-0.00016,0.00046,
2026-09-14 12:59:54,D,3,100,53,edge,13,16,-0.25031,-0.25019,-0.00012,0.00051,
2026-09-14 12:59:54,D,3,100,54,edge,13,17,1.44703,1.44712,-0.00009,0.00040,
2026-09-14 12:59:54,D,3,100,55,edge,14,15,-0.10334,-0.10329,-0.00005,0.00038,
2026-09-14 12:59:54,D,3,100,56,edge,14,17,1.48550,1.48562,-0.00012,0.00041,
2026-09-14 12:59:54,D,3,100,57,edge,14,18,2.38075,2.38073,0.00003,0.00043,
2026-09-14 12:59:54,D,3,100,58,edge,15,18,0.56084,0.56082,0.00001,0.00038,
2026-09-14 12:59:54,D,3,100,59,edge,16,17,1.44662,1.44661,0.00001,0.00037,
2026-09-14 12:59:54,D,3,100,60,edge,17,18,0.76402,0.76410,-0.00008,0.00038,
2026-09-14 12:59:56,D,4,100,0,self,0,0,-0.29642,-0.29877,0.00236,0.02497,
2026-09-14 12:59:56,D,4,100,1,self,1,1,-7.51310,-7.50944,-0.00366,0.02329,
2026-09-14 12:59:56,D,4,100,2,self,2,2,-96.49949,-96.49697,-0.00252,0.02287,
2026-09-14 12:59:56,D,4,100,3,self,3,3,-33.71977,-33.71457,-0.00520,0.02263,
2026-09-14 12:59:56,D,4,100,4,self,4,4,-0.31912,-0.32311,0.00399,0.02611,
2026-09-14 12:59:56,D,4,100,5,self,5,5,-0.32340,-0.32307,-0.00033,0.02277,
2026-09-14 12:59:56,D,4,100,6,self,6,6,-0.06848,-0.06778,-0.00070,0.02497,
2026-09-14 12:59:56,D,4,100,7,self,7,7,-18.34398,-18.34078,-0.00320,0.02290,
2026-09-14 12:59:56,D,4,100,8,self,8,8,-0.31526,-0.31999,0.00473,0.02401,
2026-09-14 12:59:56,D,4,100,9,self,9,9,-0.07109,-0.06592,-0.00516,0.02444,
2026-09-14 12:59:56,D,4,100,10,self,10,10,-0.26310,-0.26830,0.00520,0.02453,
2026-09-14 12:59:56,D,4,100,11,self,11,11,-52.98353,-52.98663,0.00309,0.02421,
2026-09-14 12:59:56,D,4,100,12,self,12,12,-0.03629,-0.03881,0.00252,0.02558,
2026-09-14 12:59:56,D,4,100,13,self,13,13,-0.26026,-0.26107,0.00082,0.02496,
2026-09-14 12:59:56,D,4,100,14,self,14,14,-0.26530,-0.26882,0.00352,0.02413,
2026-09-14 12:59:56,D,4,100,15,self,15,15,-19.65529,-19.65774,0.00245,0.02183,
2026-09-14 12:59:56,D,4,100,16,self,16,16,-52.98802,-52.98444,-0.00357,0.02218,
2026-09-14 12:59:56,D,4,100,17,self,17,17,-19.65452,-19.65752,0.00300,0.02509,
2026-09-14 12:59:56,D,4,100,18,self,18,18,-0.23911,-0.24139,0.00227,0.02179,
2026-09-14 12:59:56,D,4,100,19,edge,0,1,0.10163,0.10174,-0.00010,0.00043,
2026-09-14 12:59:56,D,4,100,20,edge,0,3,3.06832,3.06842,-0.00010,0.00035,
2026-09-14 12:59:56,D,4,100,21,edge,0,4,-0.30605,-0.30601,-0.00005,0.00042,
2026-09-14 12:59:56,D,4,100,22,edge,1,2,1.63607,1.63604,0.00003,0.00035,
2026-09-14 12:59:56,D,4,100,23,edge,1,4,0.09110,0.09109,0.00001,0.00040,
2026-09-14 12:59:56,D,4,100,24,edge,1,5,0.07829,0.07825,0.00005,0.00041,
2026-09-14 12:59:56,D,4,100,25,edge,2,5,5.17379,5.17379,0.00000,0.00039,
2026-09-14 12:59:56,D,4,100,26,edge,2,6,2.01147,2.01153,-0.00007,0.00034,
2026-09-14 12:59:56,D,4,100,27,edge,3,4,3.07004,3.07015,-0.00011,0.00038,
2026-09-14 12:59:56,D,4,100,28,edge,3,7,2.23866,2.23872,-0.00007,0.00038,
2026-09-14 12:59:56,D,4,100,29,edge,3,8,3.06182,3.06191,-0.00009,0.00037,
2026-09-14 12:59:56,D,4,100,30,edge,4,5,-0.14763,-0.14775,0.00012,0.00049,
2026-09-14 12:59:56,D,4,100,31,edge,4,8,-0.31003,-0.30992,-0.00011,0.00049,
2026-09-14 12:59:56,D,4,100,32,edge,4,9,-0.10281,-0.10269,-0.00011,0.00037,
2026-09-14 12:59:56,D,4,100,33,edge,5,6,-0.13856,-0.13846,-0.00009,0.00037,
2026-09-14 12:59:56,D,4,100,34,edge,5,9,-0.09020,-0.09019,-0.00000,0.00044,
2026-09-14 12:59:56,D,4,100,35,edge,5,10,-0.16831,-0.16824,-0.00007,0.00050,
2026-09-14 12:59:56,D,4,100,36,edge,6,10,-0.10344,-0.10329,-0.00015,0.00042,
2026-09-14 12:59:56,D,4,100,37,edge,6,11,0.56072,0.56082,-0.00010,0.00037,
2026-09-14 12:59:56,D,4,100,38,edge,7,8,0.02405,0.02410,-0.00005,0.00048,
2026-09-14 12:59:56,D,4,100,39,edge,7,12,-0.37953,-0.37953,-0.00000,0.00036,
2026-09-14 12:59:56,D,4,100,40,edge,8,9,-0.10401,-0.10398,-0.00003,0.00039,
2026-09-14 12:59:56,D,4,100,41,edge,8,12,-0.08142,-0.08140,-0.00002,0.00039,
2026-09-14 12:59:56,D,4,100,42,edge,8,13,-0.14283,-0.14294,0.00011,0.00050,
2026-09-14 12:59:56,D,4,100,43,edge,9,10,-0.09985,-0.09992,0.00007,0.00042,
2026-09-14 12:59:56,D,4,100,44,edge,9,13,-0.09846,-0.09843,-0.00004,0.00043,
2026-09-14 12:59:56,D,4,100,45,edge,9,14,-0.10654,-0.10653,-0.00001,0.00038,
2026-09-14 12:59:56,D,4,100,46,edge,10,11,2.38063,2.38073,-0.00009,0.00046,
2026-09-14 12:59:56,D,4,100,47,edge,10,14,-0.20787,-0.20778,-0.00009,0.00047,
2026-09-14 12:59:56,D,4,100,48,edge,10,15,1.48549,1.48562,-0.00013,0.00038,
2026-09-14 12:59:56,D,4,100,49,edge,11,15,0.76399,0.76410,-0.00011,0.00040,
2026-09-14 12:59:56,D,4,100,50,edge,12,13,-0.07094,-0.07092,-0.00001,0.00040,
2026-09-14 12:59:56,D,4,100,51,edge,12,16,0.57776,0.57782,-0.00006,0.00042,
2026-09-14 12:59:56,D,4,100,52,edge,13,14,-0.20673,-0.20657,-0.00016,0.00049,
2026-09-14 12:59:56,D,4,100,53,edge,13,16,2.38473,2.38480,-0.00006,0.00046,
2026-09-14 12:59:56,D,4,100,54,edge,13,17,1.48672,1.48690,-0.00018,0.00038,
2026-09-14 12:59:56,D,4,100,55,edge,14,15,1.44706,1.44712,-0.00006,0.00042,
2026-09-14 12:59:56,D,4,100,56,edge,14,17,1.44719,1.44728,-0.00009,0.00034,
2026-09-14 12:59:56,D,4,100,57,edge,14,18,-0.25025,-0.25019,-0.00006,0.00041,
2026-09-14 12:59:56,D,4,100,58,edge,15,18,1.44655,1.44661,-0.00006,0.00036,
2026-09-14 12:59:56,D,4,100,59,edge,16,17,0.76482,0.76486,-0.00004,0.00039,
2026-09-14 12:59:56,D,4,100,60,edge,17,18,1.44664,1.44661,0.00003,0.00033,
2026-09-14 13:00:00,D,5,100,0,self,0,0,-96.49802,-96.49697,-0.00105,0.02506,
2026-09-14 13:00:00,D,5,100,1,self,1,1,-0.06557,-0.06778,0.00221,0.02290,
2026-09-14 13:00:00,D,5,100,2,self,2,2,-52.98437,-52.98663,0.00226,0.02186,
2026-09-14 13:00:00,D,5,100,3,self,3,3,-7.51201,-7.50944,-0.00257,0.02091,
2026-09-14 13:00:00,D,5,100,4,self,4,4,-0.32376,-0.32307,-0.00070,0.02458,
2026-09-14 13:00:00,D,5,100,5,self,5,5,-0.27114,-0.26830,-0.00284,0.02614,
2026-09-14 13:00:00,D,5,100,6,self,6,6,-19.66115,-19.65774,-0.00341,0.02358,
2026-09-14 13:00:00,D,5,100,7,self,7,7,-0.30405,-0.29877,-0.00528,0.02302,
2026-09-14 13:00:00,D,5,100,8,self,8,8,-0.31998,-0.32311,0.00313,0.02425,
2026-09-14 13:00:00,D,5,100,9,self,9,9,-0.06580,-0.06592,0.00012,0.02343,
2026-09-14 13:00:00,D,5,100,10,self,10,10,-0.26840,-0.26882,0.00042,0.02144,
2026-09-14 13:00:00,D,5,100,11,self,11,11,-0.23771,-0.24139,0.00368,0.02244,
2026-09-14 13:00:00,D,5,100,12,self,12,12,-33.70682,-33.71457,0.00775,0.02248,
2026-09-14 13:00:00,D,5,100,13,self,13,13,-0.31869,-0.31999,0.00130,0.02280,
2026-09-14 13:00:00,D,5,100,14,self,14,14,-0.25438,-0.26107,0.00670,0.02529,
2026-09-14 13:00:00,D,5,100,15,self,15,15,-19.65522,-19.65752,0.00230,0.02755,
2026-09-14 13:00:00,D,5,100,16,self,16,16,-18.34214,-18.34078,-0.00136,0.02396,
2026-09-14 13:00:00,D,5,100,17,self,17,17,-0.03934,-0.03881,-0.00053,0.02344,
2026-09-14 13:00:00,D,5,100,18,self,18,18,-52.98753,-52.98444,-0.00309,0.02057,
2026-09-14 13:00:00,D,5,100,19,edge,0,1,2.01140,2.01153,-0.00013,0.00039,
2026-09-14 13:00:00,D,5,100,20,edge,0,3,1.63598,1.63604,-0.00006,0.00035,
2026-09-14 13:00:00,D,5,100,21,edge,0,4,5.17373,5.17379,-0.00006,0.00044,
2026-09-14 13:00:00,D,5,100,22,edge,1,2,0.56082,0.56082,-0.00000,0.00039,
2026-09-14 13:00:00,D,5,100,23,edge,1,4,-0.13854,-0.13846,-0.00008,0.00042,
2026-09-14 13:00:00,D,5,100,24,edge,1,5,-0.10330,-0.10329,-0.00001,0.00041,
2026-09-14 13:00:00,D,5,100,25,edge,2,5,2.38080,2.38073,0.00007,0.00039,
2026-09-14 13:00:00,D,5,100,26,edge,2,6,0.76412,0.76410,0.00002,0.00034,
2026-09-14 13:00:00,D,5,100,27,edge,3,4,0.07818,0.07825,-0.00006,0.00037,
2026-09-14 13:00:00,D,5,100,28,edge,3,7,0.10165,0.10174,-0.00008,0.00038,
2026-09-14 13:00:00,D,5,100,29,edge,3,8,0.09100,0.09109,-0.00009,0.00034,
2026-09-14 13:00:00,D,5,100,30,edge,4,5,-0.16827,-0.16824,-0.00003,0.00045,
2026-09-14 13:00:00,D,5,100,31,edge,4,8,-0.14775,-0.14775,-0.00000,0.00047,
2026-09-14 13:00:00,D,5,100,32,edge,4,9,-0.09026,-0.09019,-0.00006,0.00039,
2026-09-14 13:00:00,D,5,100,33,edge,5,6,1.48553,1.48562,-0.00009,0.00033,
2026-09-14 13:00:00,D,5,100,34,edge,5,9,-0.09998,-0.09992,-0.00005,0.00039,
2026-09-14 13:00:00,D,5,100,35,edge,5,10,-0.20784,-0.20778,-0.00005,0.00051,
2026-09-14 13:00:00,D,5,100,36,edge,6,10,1.44706,1.44712,-0.00007,0.00041,
2026-09-14 13:00:00,D,5,100,37,edge,6,11,1.44659,1.44661,-0.00002,0.00037,
2026-09-14 13:00:00,D,5,100,38,edge,7,8,-0.30603,-0.30601,-0.00003,0.00052,
2026-09-14 13:00:00,D,5,100,39,edge,7,12,3.06852,3.06842,0.00010,0.00034,
2026-09-14 13:00:00,D,5,100,40,edge,8,9,-0.10268,-0.10269,0.00001,0.00038,
2026-09-14 13:00:00,D,5,100,41,edge,8,12,3.07006,3.07015,-0.00009,0.00043,
2026-09-14 13:00:00,D,5,100,42,edge,8,13,-0.30994,-0.30992,-0.00002,0.00046,
2026-09-14 13:00:00,D,5,100,43,edge,9,10,-0.10652,-0.10653,0.00001,0.00038,
2026-09-14 13:00:00,D,5,100,44,edge,9,13,-0.10398,-0.10398,-0.00000,0.00045,
2026-09-14 13:00:00,D,5,100,45,edge,9,14,-0.09844,-0.09843,-0.00002,0.00038,
2026-09-14 13:00:00,D,5,100,46,edge,10,11,-0.25037,-0.25019,-0.00018,0.00050,
2026-09-14 13:00:00,D,5,100,47,edge,10,14,-0.20662,-0.20657,-0.00005,0.00045,
2026-09-14 13:00:00,D,5,100,48,edge,10,15,1.44725,1.44728,-0.00003,0.00042,
2026-09-14 13:00:00,D,5,100,49,edge,11,15,1.44648,1.44661,-0.00013,0.00037,
2026-09-14 13:00:00,D,5,100,50,edge,12,13,3.06187,3.06191,-0.00003,0.00037,
2026-09-14 13:00:00,D,5,100,51,edge,12,16,2.23863,2.23872,-0.00009,0.00039,
2026-09-14 13:00:00,D,5,100,52,edge,13,14,-0.14309,-0.14294,-0.00014,0.00043,
2026-09-14 13:00:00,D,5,100,53,edge,13,16,0.02406,0.02410,-0.00004,0.00038,
2026-09-14 13:00:00,D,5,100,54,edge,13,17,-0.08138,-0.08140,0.00002,0.00041,
2026-09-14 13:00:00,D,5,100,55,edge,14,15,1.48684,1.48690,-0.00006,0.00044,
2026-09-14 13:00:00,D,5,100,56,edge,14,17,-0.07098,-0.07092,-0.00006,0.00040,
2026-09-14 13:00:00,D,5,100,57,edge,14,18,2.38475,2.38480,-0.00005,0.00045,
2026-09-14 13:00:00,D,5,100,58,edge,15,18,0.76483,0.76486,-0.00004,0.00041,
2026-09-14 13:00:00,D,5,100,59,edge,16,17,-0.37958,-0.37953,-0.00005,0.00045,
2026-09-14 13:00:00,D,5,100,60,edge,17,18,0.57779,0.57782,-0.00004,0.00035,
2026-09-14 13:00:03,B2,0,100,0,self,0,0,-53.02249,-53.02687,0.00439,0.02157,
2026-09-14 13:00:03,B2,0,100,1,self,1,1,-19.70925,-19.71021,0.00096,0.02418,
2026-09-14 13:00:03,B2,0,100,2,self,2,2,-53.02729,-53.02687,-0.00042,0.02277,
2026-09-14 13:00:03,B2,0,100,3,self,3,3,-19.71102,-19.71021,-0.00081,0.01972,
2026-09-14 13:00:03,B2,0,100,4,self,4,4,-53.05351,-53.05475,0.00124,0.02236,
2026-09-14 13:00:03,B2,0,100,5,self,5,5,-53.05694,-53.05475,-0.00219,0.02540,
2026-09-14 13:00:03,B2,0,100,6,self,6,6,-19.71435,-19.71021,-0.00414,0.02128,
2026-09-14 13:00:03,B2,0,100,7,self,7,7,-53.02918,-53.02687,-0.00231,0.02033,
2026-09-14 13:00:03,B2,0,100,8,self,8,8,-53.04938,-53.05475,0.00537,0.02455,
2026-09-14 13:00:03,B2,0,100,9,self,9,9,-19.75866,-19.75694,-0.00172,0.02367,
2026-09-14 13:00:03,B2,0,100,10,self,10,10,-53.05422,-53.05475,0.00053,0.02200,
2026-09-14 13:00:03,B2,0,100,11,self,11,11,-53.02497,-53.02687,0.00191,0.02601,
2026-09-14 13:00:03,B2,0,100,12,self,12,12,-19.70537,-19.71021,0.00483,0.02381,
2026-09-14 13:00:03,B2,0,100,13,self,13,13,-53.05556,-53.05475,-0.00081,0.02113,
2026-09-14 13:00:03,B2,0,100,14,self,14,14,-53.05160,-53.05475,0.00315,0.02604,
2026-09-14 13:00:03,B2,0,100,15,self,15,15,-19.70859,-19.71021,0.00162,0.02292,
2026-09-14 13:00:03,B2,0,100,16,self,16,16,-53.03050,-53.02687,-0.00362,0.02331,
2026-09-14 13:00:03,B2,0,100,17,self,17,17,-19.70701,-19.71021,0.00320,0.02190,
2026-09-14 13:00:03,B2,0,100,18,self,18,18,-53.02425,-53.02687,0.00263,0.02151,
2026-09-14 13:00:03,B2,0,100,19,edge,0,1,0.76393,0.76401,-0.00008,0.00038,
2026-09-14 13:00:03,B2,0,100,20,edge,0,3,0.76390,0.76401,-0.00011,0.00032,
2026-09-14 13:00:03,B2,0,100,21,edge,0,4,2.66861,2.66866,-0.00005,0.00039,
2026-09-14 13:00:03,B2,0,100,22,edge,1,2,0.76406,0.76401,0.00005,0.00038,
2026-09-14 13:00:03,B2,0,100,23,edge,1,4,0.75145,0.75160,-0.00014,0.00041,
2026-09-14 13:00:03,B2,0,100,24,edge,1,5,0.75151,0.75160,-0.00008,0.00036,
2026-09-14 13:00:03,B2,0,100,25,edge,2,5,2.66859,2.66866,-0.00007,0.00047,
2026-09-14 13:00:03,B2,0,100,26,edge,2,6,0.76390,0.76401,-0.00011,0.00039,
2026-09-14 13:00:03,B2,0,100,27,edge,3,4,0.75145,0.75160,-0.00015,0.00037,
2026-09-14 13:00:03,B2,0,100,28,edge,3,7,0.76395,0.76401,-0.00006,0.00036,
2026-09-14 13:00:03,B2,0,100,29,edge,3,8,0.75149,0.75160,-0.00011,0.00041,
2026-09-14 13:00:03,B2,0,100,30,edge,4,5,2.65394,2.65403,-0.00009,0.00046,
2026-09-14 13:00:03,B2,0,100,31,edge,4,8,2.65388,2.65403,-0.00015,0.00044,
2026-09-14 13:00:03,B2,0,100,32,edge,4,9,0.76033,0.76048,-0.00015,0.00036,
2026-09-14 13:00:03,B2,0,100,33,edge,5,6,0.75144,0.75160,-0.00016,0.00037,
2026-09-14 13:00:03,B2,0,100,34,edge,5,9,0.76028,0.76048,-0.00021,0.00035,
2026-09-14 13:00:03,B2,0,100,35,edge,5,10,2.65388,2.65403,-0.00016,0.00046,
2026-09-14 13:00:03,B2,0,100,36,edge,6,10,0.75141,0.75160,-0.00019,0.00037,
2026-09-14 13:00:03,B2,0,100,37,edge,6,11,0.76390,0.76401,-0.00012,0.00035,
2026-09-14 13:00:03,B2,0,100,38,edge,7,8,2.66860,2.66866,-0.00006,0.00044,
2026-09-14 13:00:03,B2,0,100,39,edge,7,12,0.76397,0.76401,-0.00005,0.00038,
2026-09-14 13:00:03,B2,0,100,40,edge,8,9,0.76029,0.76048,-0.00019,0.00039,
2026-09-14 13:00:03,B2,0,100,41,edge,8,12,0.75149,0.75160,-0.00010,0.00039,
2026-09-14 13:00:03,B2,0,100,42,edge,8,13,2.65396,2.65403,-0.00007,0.00044,
2026-09-14 13:00:03,B2,0,100,43,edge,9,10,0.76038,0.76048,-0.00010,0.00036,
2026-09-14 13:00:03,B2,0,100,44,edge,9,13,0.76030,0.76048,-0.00018,0.00040,
2026-09-14 13:00:03,B2,0,100,45,edge,9,14,0.76041,0.76048,-0.00007,0.00036,
2026-09-14 13:00:03,B2,0,100,46,edge,10,11,2.66853,2.66866,-0.00013,0.00040,
2026-09-14 13:00:03,B2,0,100,47,edge,10,14,2.65393,2.65403,-0.00010,0.00042,
2026-09-14 13:00:03,B2,0,100,48,edge,10,15,0.75139,0.75160,-0.00021,0.00039,
2026-09-14 13:00:03,B2,0,100,49,edge,11,15,0.76398,0.76401,-0.00003,0.00036,
2026-09-14 13:00:03,B2,0,100,50,edge,12,13,0.75148,0.75160,-0.00012,0.00040,
2026-09-14 13:00:03,B2,0,100,51,edge,12,16,0.76394,0.76401,-0.00007,0.00047,
2026-09-14 13:00:03,B2,0,100,52,edge,13,14,2.65376,2.65403,-0.00028,0.00047,
2026-09-14 13:00:03,B2,0,100,53,edge,13,16,2.66851,2.66866,-0.00015,0.00045,
2026-09-14 13:00:03,B2,0,100,54,edge,13,17,0.75144,0.75160,-0.00016,0.00040,
2026-09-14 13:00:03,B2,0,100,55,edge,14,15,0.75142,0.75160,-0.00018,0.00039,
2026-09-14 13:00:03,B2,0,100,56,edge,14,17,0.75140,0.75160,-0.00019,0.00040,
2026-09-14 13:00:03,B2,0,100,57,edge,14,18,2.66858,2.66866,-0.00008,0.00046,
2026-09-14 13:00:03,B2,0,100,58,edge,15,18,0.76399,0.76401,-0.00002,0.00037,
2026-09-14 13:00:03,B2,0,100,59,edge,16,17,0.76393,0.76401,-0.00008,0.00036,
2026-09-14 13:00:03,B2,0,100,60,edge,17,18,0.76387,0.76401,-0.00014,0.00042,
2026-09-14 13:00:06,B1,0,100,0,self,0,0,-96.58251,-96.58184,-0.00067,0.02261,
2026-09-14 13:00:06,B1,0,100,1,self,1,1,-33.71929,-33.71765,-0.00164,0.02241,
2026-09-14 13:00:06,B1,0,100,2,self,2,2,-96.58502,-96.58184,-0.00318,0.02391,
2026-09-14 13:00:06,B1,0,100,3,self,3,3,-33.72243,-33.71765,-0.00478,0.02204,
2026-09-14 13:00:06,B1,0,100,4,self,4,4,-96.67680,-96.67401,-0.00279,0.02558,
2026-09-14 13:00:06,B1,0,100,5,self,5,5,-96.67604,-96.67401,-0.00204,0.02531,
2026-09-14 13:00:06,B1,0,100,6,self,6,6,-33.71933,-33.71765,-0.00168,0.02038,
2026-09-14 13:00:06,B1,0,100,7,self,7,7,-96.58737,-96.58184,-0.00553,0.02452,
2026-09-14 13:00:06,B1,0,100,8,self,8,8,-96.67631,-96.67401,-0.00231,0.02278,
2026-09-14 13:00:06,B1,0,100,9,self,9,9,-33.75836,-33.75615,-0.00222,0.02305,
2026-09-14 13:00:06,B1,0,100,10,self,10,10,-96.66937,-96.67401,0.00464,0.02223,
2026-09-14 13:00:06,B1,0,100,11,self,11,11,-96.58531,-96.58184,-0.00346,0.02111,
2026-09-14 13:00:06,B1,0,100,12,self,12,12,-33.71269,-33.71765,0.00497,0.02266,
2026-09-14 13:00:06,B1,0,100,13,self,13,13,-96.67928,-96.67401,-0.00528,0.02068,
2026-09-14 13:00:06,B1,0,100,14,self,14,14,-96.66909,-96.67401,0.00492,0.02302,
2026-09-14 13:00:06,B1,0,100,15,self,15,15,-33.72254,-33.71765,-0.00489,0.01970,
2026-09-14 13:00:06,B1,0,100,16,self,16,16,-96.58930,-96.58184,-0.00746,0.02255,
2026-09-14 13:00:06,B1,0,100,17,self,17,17,-33.71521,-33.71765,0.00244,0.02331,
2026-09-14 13:00:06,B1,0,100,18,self,18,18,-96.58290,-96.58184,-0.00105,0.01813,
2026-09-14 13:00:06,B1,0,100,19,edge,0,1,2.77135,2.77153,-0.00018,0.00039,
2026-09-14 13:00:06,B1,0,100,20,edge,0,3,2.77126,2.77153,-0.00027,0.00034,
2026-09-14 13:00:06,B1,0,100,21,edge,0,4,6.40042,6.40052,-0.00011,0.00043,
2026-09-14 13:00:06,B1,0,100,22,edge,1,2,2.77148,2.77153,-0.00005,0.00035,
2026-09-14 13:00:06,B1,0,100,23,edge,1,4,2.74532,2.74551,-0.00019,0.00037,
2026-09-14 13:00:06,B1,0,100,24,edge,1,5,2.74532,2.74551,-0.00019,0.00040,
2026-09-14 13:00:06,B1,0,100,25,edge,2,5,6.40042,6.40052,-0.00010,0.00039,
2026-09-14 13:00:06,B1,0,100,26,edge,2,6,2.77138,2.77153,-0.00015,0.00038,
2026-09-14 13:00:06,B1,0,100,27,edge,3,4,2.74522,2.74551,-0.00029,0.00038,
2026-09-14 13:00:06,B1,0,100,28,edge,3,7,2.77132,2.77153,-0.00021,0.00036,
2026-09-14 13:00:06,B1,0,100,29,edge,3,8,2.74516,2.74551,-0.00035,0.00035,
2026-09-14 13:00:06,B1,0,100,30,edge,4,5,6.35362,6.35390,-0.00027,0.00041,
2026-09-14 13:00:06,B1,0,100,31,edge,4,8,6.35359,6.35390,-0.00031,0.00037,
2026-09-14 13:00:06,B1,0,100,32,edge,4,9,2.73747,2.73781,-0.00034,0.00040,
2026-09-14 13:00:06,B1,0,100,33,edge,5,6,2.74531,2.74551,-0.00020,0.00036,
2026-09-14 13:00:06,B1,0,100,34,edge,5,9,2.73753,2.73781,-0.00028,0.00032,
2026-09-14 13:00:06,B1,0,100,35,edge,5,10,6.35363,6.35390,-0.00026,0.00037,
2026-09-14 13:00:06,B1,0,100,36,edge,6,10,2.74515,2.74551,-0.00036,0.00033,
2026-09-14 13:00:06,B1,0,100,37,edge,6,11,2.77146,2.77153,-0.00007,0.00037,
2026-09-14 13:00:06,B1,0,100,38,edge,7,8,6.40027,6.40052,-0.00025,0.00040,
2026-09-14 13:00:06,B1,0,100,39,edge,7,12,2.77145,2.77153,-0.00008,0.00041,
2026-09-14 13:00:06,B1,0,100,40,edge,8,9,2.73751,2.73781,-0.00030,0.00039,
2026-09-14 13:00:06,B1,0,100,41,edge,8,12,2.74524,2.74551,-0.00027,0.00036,
2026-09-14 13:00:06,B1,0,100,42,edge,8,13,6.35374,6.35390,-0.00016,0.00041,
2026-09-14 13:00:06,B1,0,100,43,edge,9,10,2.73755,2.73781,-0.00025,0.00035,
2026-09-14 13:00:06,B1,0,100,44,edge,9,13,2.73752,2.73781,-0.00029,0.00041,
2026-09-14 13:00:06,B1,0,100,45,edge,9,14,2.73748,2.73781,-0.00033,0.00036,
2026-09-14 13:00:06,B1,0,100,46,edge,10,11,6.40023,6.40052,-0.00029,0.00036,
2026-09-14 13:00:06,B1,0,100,47,edge,10,14,6.35354,6.35390,-0.00036,0.00041,
2026-09-14 13:00:06,B1,0,100,48,edge,10,15,2.74521,2.74551,-0.00030,0.00037,
2026-09-14 13:00:06,B1,0,100,49,edge,11,15,2.77135,2.77153,-0.00018,0.00038,
2026-09-14 13:00:06,B1,0,100,50,edge,12,13,2.74517,2.74551,-0.00034,0.00036,
2026-09-14 13:00:06,B1,0,100,51,edge,12,16,2.77136,2.77153,-0.00017,0.00036,
2026-09-14 13:00:06,B1,0,100,52,edge,13,14,6.35349,6.35390,-0.00040,0.00042,
2026-09-14 13:00:06,B1,0,100,53,edge,13,16,6.40032,6.40052,-0.00020,0.00042,
2026-09-14 13:00:06,B1,0,100,54,edge,13,17,2.74521,2.74551,-0.00030,0.00041,
2026-09-14 13:00:06,B1,0,100,55,edge,14,15,2.74523,2.74551,-0.00028,0.00041,
2026-09-14 13:00:06,B1,0,100,56,edge,14,17,2.74520,2.74551,-0.00031,0.00038,
2026-09-14 13:00:06,B1,0,100,57,edge,14,18,6.40033,6.40052,-0.00019,0.00041,
2026-09-14 13:00:06,B1,0,100,58,edge,15,18,2.77144,2.77153,-0.00009,0.00034,
2026-09-14 13:00:06,B1,0,100,59,edge,16,17,2.77134,2.77153,-0.00019,0.00040,
2026-09-14 13:00:06,B1,0,100,60,edge,17,18,2.77136,2.77153,-0.00017,0.00036,
2026-09-14 13:00:09,B3,0,100,0,self,0,0,-18.20164,-18.20078,-0.00086,0.02328,
2026-09-14 13:00:09,B3,0,100,1,self,1,1,-7.63078,-7.63239,0.00162,0.02273,
2026-09-14 13:00:09,B3,0,100,2,self,2,2,-18.20290,-18.20078,-0.00211,0.02057,
2026-09-14 13:00:09,B3,0,100,3,self,3,3,-7.63627,-7.63239,-0.00388,0.02449,
2026-09-14 13:00:09,B3,0,100,4,self,4,4,-18.25209,-18.24939,-0.00271,0.02453,
2026-09-14 13:00:09,B3,0,100,5,self,5,5,-18.24691,-18.24939,0.00248,0.01835,
2026-09-14 13:00:09,B3,0,100,6,self,6,6,-7.62986,-7.63239,0.00253,0.02586,
2026-09-14 13:00:09,B3,0,100,7,self,7,7,-18.20161,-18.20078,-0.00083,0.02390,
2026-09-14 13:00:09,B3,0,100,8,self,8,8,-18.24614,-18.24939,0.00324,0.02310,
2026-09-14 13:00:09,B3,0,100,9,self,9,9,-7.71984,-7.71945,-0.00039,0.02493,
2026-09-14 13:00:09,B3,0,100,10,self,10,10,-18.24838,-18.24939,0.00100,0.02331,
2026-09-14 13:00:09,B3,0,100,11,self,11,11,-18.19804,-18.20078,0.00274,0.02472,
2026-09-14 13:00:09,B3,0,100,12,self,12,12,-7.62832,-7.63239,0.00407,0.02408,
2026-09-14 13:00:09,B3,0,100,13,self,13,13,-18.24833,-18.24939,0.00106,0.02377,
2026-09-14 13:00:09,B3,0,100,14,self,14,14,-18.24443,-18.24939,0.00495,0.02498,
2026-09-14 13:00:09,B3,0,100,15,self,15,15,-7.63065,-7.63239,0.00174,0.02302,
2026-09-14 13:00:09,B3,0,100,16,self,16,16,-18.20193,-18.20078,-0.00115,0.02353,
2026-09-14 13:00:09,B3,0,100,17,self,17,17,-7.63119,-7.63239,0.00120,0.02469,
2026-09-14 13:00:09,B3,0,100,18,self,18,18,-18.19871,-18.20078,0.00207,0.02376,
2026-09-14 13:00:09,B3,0,100,19,edge,0,1,-0.60928,-0.60927,-0.00000,0.00034,
2026-09-14 13:00:09,B3,0,100,20,edge,0,3,-0.60929,-0.60927,-0.00001,0.00036,
2026-09-14 13:00:09,B3,0,100,21,edge,0,4,-0.19586,-0.19590,0.00004,0.00040,
2026-09-14 13:00:09,B3,0,100,22,edge,1,2,-0.60915,-0.60927,0.00012,0.00038,
2026-09-14 13:00:09,B3,0,100,23,edge,1,4,-0.63376,-0.63377,0.00001,0.00042,
2026-09-14 13:00:09,B3,0,100,24,edge,1,5,-0.63370,-0.63377,0.00007,0.00038,
2026-09-14 13:00:09,B3,0,100,25,edge,2,5,-0.19585,-0.19590,0.00005,0.00053,
2026-09-14 13:00:09,B3,0,100,26,edge,2,6,-0.60917,-0.60927,0.00010,0.00037,
2026-09-14 13:00:09,B3,0,100,27,edge,3,4,-0.63382,-0.63377,-0.00006,0.00039,
2026-09-14 13:00:09,B3,0,100,28,edge,3,7,-0.60937,-0.60927,-0.00009,0.00036,
2026-09-14 13:00:09,B3,0,100,29,edge,3,8,-0.63381,-0.63377,-0.00004,0.00040,
2026-09-14 13:00:09,B3,0,100,30,edge,4,5,-0.17436,-0.17443,0.00006,0.00041,
2026-09-14 13:00:09,B3,0,100,31,edge,4,8,-0.17451,-0.17443,-0.00008,0.00049,
2026-09-14 13:00:09,B3,0,100,32,edge,4,9,-0.61067,-0.61068,0.00001,0.00041,
2026-09-14 13:00:09,B3,0,100,33,edge,5,6,-0.63369,-0.63377,0.00008,0.00040,
2026-09-14 13:00:09,B3,0,100,34,edge,5,9,-0.61070,-0.61068,-0.00002,0.00036,
2026-09-14 13:00:09,B3,0,100,35,edge,5,10,-0.17442,-0.17443,0.00001,0.00044,
2026-09-14 13:00:09,B3,0,100,36,edge,6,10,-0.63375,-0.63377,0.00002,0.00043,
2026-09-14 13:00:09,B3,0,100,37,edge,6,11,-0.60925,-0.60927,0.00002,0.00042,
2026-09-14 13:00:09,B3,0,100,38,edge,7,8,-0.19583,-0.19590,0.00007,0.00044,
2026-09-14 13:00:09,B3,0,100,39,edge,7,12,-0.60923,-0.60927,0.00004,0.00045,
2026-09-14 13:00:09,B3,0,100,40,edge,8,9,-0.61071,-0.61068,-0.00003,0.00036,
2026-09-14 13:00:09,B3,0,100,41,edge,8,12,-0.63369,-0.63377,0.00008,0.00044,
2026-09-14 13:00:09,B3,0,100,42,edge,8,13,-0.17443,-0.17443,-0.00000,0.00046,
2026-09-14 13:00:09,B3,0,100,43,edge,9,10,-0.61066,-0.61068,0.00002,0.00036,
2026-09-14 13:00:09,B3,0,100,44,edge,9,13,-0.61067,-0.61068,0.00001,0.00037,
2026-09-14 13:00:09,B3,0,100,45,edge,9,14,-0.61055,-0.61068,0.00013,0.00041,
2026-09-14 13:00:09,B3,0,100,46,edge,10,11,-0.19586,-0.19590,0.00003,0.00042,
2026-09-14 13:00:09,B3,0,100,47,edge,10,14,-0.17450,-0.17443,-0.00008,0.00048,
2026-09-14 13:00:09,B3,0,100,48,edge,10,15,-0.63392,-0.63377,-0.00015,0.00042,
2026-09-14 13:00:09,B3,0,100,49,edge,11,15,-0.60930,-0.60927,-0.00003,0.00040,
2026-09-14 13:00:09,B3,0,100,50,edge,12,13,-0.63376,-0.63377,0.00001,0.00043,
2026-09-14 13:00:09,B3,0,100,51,edge,12,16,-0.60930,-0.60927,-0.00003,0.00037,
2026-09-14 13:00:09,B3,0,100,52,edge,13,14,-0.17466,-0.17443,-0.00024,0.00043,
2026-09-14 13:00:09,B3,0,100,53,edge,13,16,-0.19588,-0.19590,0.00002,0.00054,
2026-09-14 13:00:09,B3,0,100,54,edge,13,17,-0.63380,-0.63377,-0.00003,0.00041,
2026-09-14 13:00:09,B3,0,100,55,edge,14,15,-0.63383,-0.63377,-0.00006,0.00039,
2026-09-14 13:00:09,B3,0,100,56,edge,14,17,-0.63375,-0.63377,0.00002,0.00041,
2026-09-14 13:00:09,B3,0,100,57,edge,14,18,-0.19587,-0.19590,0.00002,0.00043,
2026-09-14 13:00:09,B3,0,100,58,edge,15,18,-0.60923,-0.60927,0.00004,0.00039,
2026-09-14 13:00:09,B3,0,100,59,edge,16,17,-0.60930,-0.60927,-0.00003,0.00041,
2026-09-14 13:00:09,B3,0,100,60,edge,17,18,-0.60922,-0.60927,0.00005,0.00036,
2026-09-14 13:00:12,E1,0,100,0,self,0,0,-18.25701,-18.25471,-0.00230,0.02244,
2026-09-14 13:00:12,E1,0,100,1,self,1,1,-7.57384,-7.57474,0.00090,0.02364,
2026-09-14 13:00:12,E1,0,100,2,self,2,2,-18.25478,-18.25471,-0.00008,0.02620,
2026-09-14 13:00:12,E1,0,100,3,self,3,3,-7.57815,-7.57474,-0.00341,0.02433,
2026-09-14 13:00:12,E1,0,100,4,self,4,4,-53.16419,-53.16713,0.00294,0.02460,
2026-09-14 13:00:12,E1,0,100,5,self,5,5,-53.16748,-53.16713,-0.00035,0.02335,
2026-09-14 13:00:12,E1,0,100,6,self,6,6,-7.57962,-7.57474,-0.00488,0.02370,
2026-09-14 13:00:12,E1,0,100,7,self,7,7,-18.26144,-18.25471,-0.00673,0.02432,
2026-09-14 13:00:12,E1,0,100,8,self,8,8,-53.16065,-53.16713,0.00648,0.02297,
2026-09-14 13:00:12,E1,0,100,9,self,9,9,-33.80194,-33.80001,-0.00193,0.02306,
2026-09-14 13:00:12,E1,0,100,10,self,10,10,-53.16707,-53.16713,0.00006,0.02196,
2026-09-14 13:00:12,E1,0,100,11,self,11,11,-18.25082,-18.25471,0.00389,0.02417,
2026-09-14 13:00:12,E1,0,100,12,self,12,12,-7.57017,-7.57474,0.00457,0.02289,
2026-09-14 13:00:12,E1,0,100,13,self,13,13,-53.16941,-53.16713,-0.00228,0.02490,
2026-09-14 13:00:12,E1,0,100,14,self,14,14,-53.16136,-53.16713,0.00577,0.02318,
2026-09-14 13:00:12,E1,0,100,15,self,15,15,-7.56946,-7.57474,0.00529,0.02466,
2026-09-14 13:00:12,E1,0,100,16,self,16,16,-18.25136,-18.25471,0.00334,0.02430,
2026-09-14 13:00:12,E1,0,100,17,self,17,17,-7.57366,-7.57474,0.00108,0.02261,
2026-09-14 13:00:12,E1,0,100,18,self,18,18,-18.25245,-18.25471,0.00225,0.02024,
2026-09-14 13:00:12,E1,0,100,19,edge,0,1,-0.61801,-0.61785,-0.00016,0.00041,
2026-09-14 13:00:12,E1,0,100,20,edge,0,3,-0.61797,-0.61785,-0.00013,0.00041,
2026-09-14 13:00:12,E1,0,100,21,edge,0,4,1.71952,1.71952,0.00000,0.00043,
2026-09-14 13:00:12,E1,0,100,22,edge,1,2,-0.61778,-0.61785,0.00006,0.00035,
2026-09-14 13:00:12,E1,0,100,23,edge,1,4,0.13208,0.13210,-0.00003,0.00035,
2026-09-14 13:00:12,E1,0,100,24,edge,1,5,0.13208,0.13210,-0.00002,0.00041,
2026-09-14 13:00:12,E1,0,100,25,edge,2,5,1.71956,1.71952,0.00005,0.00042,
2026-09-14 13:00:12,E1,0,100,26,edge,2,6,-0.61787,-0.61785,-0.00003,0.00037,
2026-09-14 13:00:12,E1,0,100,27,edge,3,4,0.13195,0.13210,-0.00015,0.00039,
2026-09-14 13:00:12,E1,0,100,28,edge,3,7,-0.61786,-0.61785,-0.00002,0.00042,
2026-09-14 13:00:12,E1,0,100,29,edge,3,8,0.13200,0.13210,-0.00011,0.00036,
2026-09-14 13:00:12,E1,0,100,30,edge,4,5,2.62013,2.62020,-0.00007,0.00044,
2026-09-14 13:00:12,E1,0,100,31,edge,4,8,2.62002,2.62020,-0.00019,0.00046,
2026-09-14 13:00:12,E1,0,100,32,edge,4,9,2.18933,2.18954,-0.00021,0.00041,
2026-09-14 13:00:12,E1,0,100,33,edge,5,6,0.13200,0.13210,-0.00011,0.00038,
2026-09-14 13:00:12,E1,0,100,34,edge,5,9,2.18932,2.18954,-0.00023,0.00041,
2026-09-14 13:00:12,E1,0,100,35,edge,5,10,2.62005,2.62020,-0.00015,0.00042,
2026-09-14 13:00:12,E1,0,100,36,edge,6,10,0.13196,0.13210,-0.00015,0.00041,
2026-09-14 13:00:12,E1,0,100,37,edge,6,11,-0.61790,-0.61785,-0.00005,0.00038,
2026-09-14 13:00:12,E1,0,100,38,edge,7,8,1.71959,1.71952,0.00008,0.00042,
2026-09-14 13:00:12,E1,0,100,39,edge,7,12,-0.61781,-0.61785,0.00003,0.00040,
2026-09-14 13:00:12,E1,0,100,40,edge,8,9,2.18931,2.18954,-0.00023,0.00035,
2026-09-14 13:00:12,E1,0,100,41,edge,8,12,0.13197,0.13210,-0.00013,0.00038,
2026-09-14 13:00:12,E1,0,100,42,edge,8,13,2.62008,2.62020,-0.00012,0.00042,
2026-09-14 13:00:12,E1,0,100,43,edge,9,10,2.18933,2.18954,-0.00021,0.00037,
2026-09-14 13:00:12,E1,0,100,44,edge,9,13,2.18936,2.18954,-0.00018,0.00039,
2026-09-14 13:00:12,E1,0,100,45,edge,9,14,2.18942,2.18954,-0.00012,0.00039,
2026-09-14 13:00:12,E1,0,100,46,edge,10,11,1.71947,1.71952,-0.00005,0.00049,
2026-09-14 13:00:12,E1,0,100,47,edge,10,14,2.62001,2.62020,-0.00019,0.00045,
2026-09-14 13:00:12,E1,0,100,48,edge,10,15,0.13198,0.13210,-0.00012,0.00033,
2026-09-14 13:00:12,E1,0,100,49,edge,11,15,-0.61788,-0.61785,-0.00004,0.00043,
2026-09-14 13:00:12,E1,0,100,50,edge,12,13,0.13206,0.13210,-0.00004,0.00037,
2026-09-14 13:00:12,E1,0,100,51,edge,12,16,-0.61787,-0.61785,-0.00002,0.00037,
2026-09-14 13:00:12,E1,0,100,52,edge,13,14,2.61995,2.62020,-0.00025,0.00039,
2026-09-14 13:00:12,E1,0,100,53,edge,13,16,1.71942,1.71952,-0.00009,0.00044,
2026-09-14 13:00:12,E1,0,100,54,edge,13,17,0.13190,0.13210,-0.00021,0.00041,
2026-09-14 13:00:12,E1,0,100,55,edge,14,15,0.13198,0.13210,-0.00012,0.00041,
2026-09-14 13:00:12,E1,0,100,56,edge,14,17,0.13204,0.13210,-0.00007,0.00034,
2026-09-14 13:00:12,E1,0,100,57,edge,14,18,1.71961,1.71952,0.00009,0.00047,
2026-09-14 13:00:12,E1,0,100,58,edge,15,18,-0.61795,-0.61785,-0.00011,0.00037,
2026-09-14 13:00:12,E1,0,100,59,edge,16,17,-0.61788,-0.61785,-0.00004,0.00038,
2026-09-14 13:00:12,E1,0,100,60,edge,17,18,-0.61791,-0.61785,-0.00007,0.00039,
